-- phpMyAdmin SQL Dump
-- version 5.2.0
-- https://www.phpmyadmin.net/
--
-- Host: 127.0.0.1
-- Generation Time: May 30, 2023 at 06:38 PM
-- Server version: 10.4.27-MariaDB
-- PHP Version: 8.2.0

SET SQL_MODE = "NO_AUTO_VALUE_ON_ZERO";
START TRANSACTION;
SET time_zone = "+00:00";


/*!40101 SET @OLD_CHARACTER_SET_CLIENT=@@CHARACTER_SET_CLIENT */;
/*!40101 SET @OLD_CHARACTER_SET_RESULTS=@@CHARACTER_SET_RESULTS */;
/*!40101 SET @OLD_COLLATION_CONNECTION=@@COLLATION_CONNECTION */;
/*!40101 SET NAMES utf8mb4 */;

--
-- Database: `novi`
--

-- --------------------------------------------------------

--
-- Table structure for table `brod`
--



--
-- Dumping data for table `brod`
--

INSERT INTO `brod` (`sifra_broda`, `naziv`, `vrsta`, `godina_proizvodnje`, `kapacitet`) VALUES
(1, 'Sylvania', 'putnički', 1956, 50),
(2, 'Albatros', 'putnički', 1967, 200),
(3, 'Liburnija', 'putnički i teretni', 1974, 500),
(4, 'titanik', 'putnički', 1912, 500),
(5, 'Adriana', 'putnički', 1990, 1200),
(6, 'Dora', 'putnički', 1976, 604),
(7, 'Dubravka', 'putnički', 1964, 400),
(8, 'Jelena', 'putnički', 1987, 500),
(9, 'Judita', 'putnički', 1987, 678),
(10, 'Karolina', 'putnički', 1989, 700),
(11, 'Novalja', 'putnički', 1991, 400),
(12, 'Olea', 'putnički', 1991, 700),
(13, 'Silba', 'putnički', 1989, 100),
(14, 'Vida', 'putnički', 2011, 304),
(15, 'Puntamika', 'putnički', 2019, 317),
(16, 'Kolovare', 'putnički', 2018, 317),
(17, 'Bartol', 'putnički i teretni', 1989, 1000),
(18, 'Biokovo', 'putnički i teretni', 2009, 1200),
(19, 'Bol', 'putnički i teretni', 2005, 3000),
(20, 'Jadran', 'putnički i teretni', 2005, 2000),
(21, 'Faros', 'putnički i teretni', 1998, 1000),
(22, 'Juraj', 'putnički i teretni', 2007, 1340),
(23, 'Marko', 'putnički i teretni', 1997, 1900),
(24, 'Tin Ujević', 'putnički i teretni', 2002, 1200),
(25, 'Ugljan', 'putnički i teretni', 2003, 1400),
(26, 'Vladimir', 'teretni', 2000, 1500),
(27, 'Lara', 'putnički', 1988, 250),
(28, 'Postira', 'putnički', 1963, 450),
(29, 'Tijat', 'putnički', 1957, 450),
(30, 'Dubrovnik', 'putnički', 1979, 500),
(31, 'Borik', 'putnički', 1978, 500),
(32, 'Ero', 'teretni', 1931, 1000),
(33, 'Vis', 'putnički', 1965, 500),
(34, 'Ozalj', 'teretni', 1955, 989),
(35, 'Ivan', 'teretni', 2001, 1000),
(36, 'Mediteran', 'putnički', 1978, 565),
(37, 'Jazine', 'teretni', 1978, 900),
(38, 'Krčanka', 'putnički', 1970, 800),
(39, 'Žigljen', 'teretni', 1971, 1200),
(40, 'Slavija', 'putnički', 1989, 560),
(41, 'Partizanka', 'teretni', 1964, 2000),
(42, 'Kalmar', 'teretni', 1951, 1500),
(43, 'Komiža', 'putnički', 1973, 600),
(44, 'Liburnija', 'teretni', 1956, 1600),
(45, 'Sumartin', 'putnički', 1998, 600),
(46, 'Klimno', 'teretni', 1990, 1250),
(47, 'Prizna', 'putnički', 1970, 300),
(48, 'Mate Balota', 'teretni', 2000, 700),
(49, 'Hektorović', 'putnički i teretni', 1998, 1500),
(50, 'Savannah', 'putnički', 1819, 320),
(51, 'President', 'putnički', 1900, 236),
(52, 'Vaterland', 'putnički', 1914, 500),
(53, 'Krševan', 'putnički i teretni', 2004, 1600),
(54, 'Marija', 'putnički i teretni', 1999, 1000),
(55, 'Darija', 'putnički', 2002, 400),
(56, 'Iva', 'teretni', 1978, 2000),
(57, 'Maja', 'putnički', 1997, 450),
(58, 'Baltic', 'putnički', 1905, 604),
(59, 'Lusitania', 'putnički', 1967, 300),
(60, 'Mauretania', 'putnički', 1998, 640),
(61, 'Normadie', 'putnički', 1990, 378),
(62, 'Qeen Elizabeth', 'puntički', 1940, 550),
(63, 'Grand Princess', 'putnički', 1997, 600),
(64, 'Dalibor', 'teretni', 1879, 3000),
(65, 'Daniel', 'teretni', 1993, 5000),
(66, 'Petra', 'putnički', 2000, 350),
(67, 'Stella', 'teretni', 1990, 5400),
(68, 'Heineken', 'putnički i teretni', 1989, 7000),
(69, 'Luna', 'teretni', 1978, 3050),
(70, 'Stari', 'teretni', 1950, 4004),
(71, 'Jana', 'teretni', 1899, 2000),
(72, 'Rita', 'putnički i teretni', 2000, 5000),
(73, 'Polo', 'teretni', 1987, 4000),
(74, 'Chaplin', 'putnički i teretni', 1986, 3700),
(75, 'Bru', 'putnički', 1799, 5360),
(76, 'Deniro', 'putnički i teretni', 2000, 3400),
(77, 'Libar', 'teretni', 1756, 3600),
(78, 'Nu', 'teretni', 2003, 4350),
(79, 'Vanilla', 'teretni', 1699, 2560),
(80, 'Luna', 'teretni', 1995, 3650),
(81, 'Dante', 'putnički i teretni', 2001, 4500),
(82, 'Mazel', 'teretni', 1899, 4050),
(83, 'Kubat', 'teretni', 1958, 3003),
(84, 'Balthazar', 'putnički', 1999, 500),
(85, 'Blago', 'putnički i teretni', 1994, 4050),
(86, 'Libro', 'teretni', 1999, 4000),
(87, 'Bistro', 'teretni', 1976, 3500),
(88, 'Aldi', 'putnički', 2001, 350),
(89, 'Megi', 'teretni', 1999, 4300),
(90, 'Ivan', 'teretni', 1978, 4500),
(91, 'Afrodita', 'putnički', 1999, 355),
(92, 'Marko', 'teretni', 2005, 6050),
(93, 'Vionica', 'teretni ', 2005, 3800),
(94, 'Maja', 'putnički i teretni', 2000, 5000),
(95, 'Bijaković', 'teretni', 1999, 5060),
(96, 'Juraj', 'putnički', 2002, 600),
(97, 'Tin', 'putnički', 2003, 645),
(98, 'Rita', 'teretni', 1899, 3500),
(99, 'Vid', 'teretni', 1900, 3005),
(100, 'Miho', 'putnički', 2004, 550),
(101, 'Morski val', 'putnički', 1990, 5000),
(102, 'Galeb', 'putnički', 2002, 250),
(103, 'Anastasija', 'putnički', 2012, 700),
(104, 'Sea', 'teretni', 1999, 9000),
(105, 'Val', 'putnički', 2009, 800),
(106, 'Afrodita', 'teretni', 2000, 2000),
(107, 'Neptun', 'putnički i teretni', 1989, 6000),
(108, 'San', 'putnički', 1995, 650),
(109, 'S&A', 'putnički', 2003, 300),
(110, 'Mars', 'teretni', 1990, 1000),
(111, 'Aqua', 'putnički i teretni', 1985, 800),
(112, 'Magic', 'putnički', 2004, 3500),
(113, 'Stijena', 'teretni', 1992, 4500),
(114, 'Sidro', 'putnički', 2000, 700),
(115, 'Obala', 'teretni', 2001, 900),
(116, 'San', 'putnički i teretni', 1999, 1000),
(117, 'Aura', 'putnički', 1979, 600),
(118, 'Oaza', 'teretni', 2008, 1500),
(119, 'Morski putnik', 'putnički', 2013, 2500),
(120, 'Morska priča', 'putnički', 2015, 950),
(121, 'Sunce', 'putnički', 2002, 500),
(122, 'Mjesec', 'teretni', 1993, 6000),
(123, 'Bura', 'putnički i teretni', 1988, 3500),
(124, 'Jugo', 'teretni', 2001, 4000),
(125, 'Morski putnik', 'putnički', 1994, 900),
(126, 'Mirna', 'putnički', 2017, 5000),
(127, 'Zalazak', 'teretni', 1990, 4000),
(128, 'Kristal', 'putnički i teretni', 1899, 3500),
(129, 'Mediteran', 'putnički', 2001, 368),
(130, 'Liburnija', 'teretni', 2004, 8030),
(131, 'Marina', 'putnički i teretni', 1995, 5400),
(132, 'Veruda', 'putnički', 2005, 650),
(133, 'Punat', 'teretni', 1990, 4000),
(134, 'Moreška', 'putnički i teretni', 1997, 3050),
(135, 'Obzor', 'teretni', 1899, 2000),
(136, 'Opatija', 'putnički', 2001, 300),
(137, 'Orsan', 'teretni', 2003, 5000),
(138, 'Umag', 'putnički i teretni', 2008, 3500),
(139, 'Zvončac', 'teretni', 2002, 5000),
(140, 'Doria', 'putnički', 1967, 200),
(141, 'Elettra', 'putnički', 1999, 450),
(142, 'Esperia', 'teretni', 1961, 1000),
(143, 'Sicilia', 'putnički i teretni', 2002, 5000),
(144, 'Milano', 'teretni', 1951, 2000),
(145, 'Napoli', 'teretni', 1925, 4500),
(146, 'Oriana', 'putnički', 1995, 543),
(147, 'Palermo', 'teretni', 1972, 1500),
(148, 'Panarea', 'putnički', 2019, 700),
(149, 'Raffaello', 'putnički i teretni', 2005, 4500),
(150, 'Elena', 'putnički', 2004, 500),
(151, 'Regina', 'putnički i teretni', 1999, 3000),
(152, 'San Remo', 'putnički', 2000, 350),
(153, 'Littorio', 'putnički', 1937, 1200),
(154, 'Toscana', 'putnički', 1967, 1200),
(155, 'Zeno', 'teretni', 1992, 5000),
(156, 'Oscar', 'putnički i teretni', 2015, 19224),
(157, 'Oliver', 'teretni', 2015, 1900),
(158, 'Anastazija', 'putnički', 1990, 200),
(159, 'Neptun', 'teretni', 1990, 4000),
(160, 'Mars', 'putnički', 2002, 500),
(161, 'San', 'teretni', 2000, 3000),
(162, 'Oaza', 'putnički i teretni', 1969, 4050),
(163, 'Morski putnik', 'putnički', 1899, 400),
(164, 'Sunce', 'teretni', 1878, 4000),
(165, 'Blago', 'teretni', 1989, 4000),
(166, 'Ivan', 'putnički', 2004, 550),
(167, 'Afrodita', 'teretni', 2000, 4300),
(168, 'Juraj', 'putnički', 2003, 450),
(169, 'Nu', 'putnički', 2003, 450),
(170, 'Libro', 'teretni', 1996, 3000),
(171, 'Kubat', 'teretni', 2005, 5000),
(172, 'Blago', 'putnički', 2006, 360),
(173, 'Marko', 'teretni', 1990, 4050),
(174, 'Aldi', 'teretni', 1956, 3000),
(175, 'Megi', 'teretni', 1978, 4000),
(176, 'Afrodita', 'putnički i teretni', 1999, 4050),
(177, 'Vionica', 'putnički i teretni', 2003, 5000),
(178, 'Maja', 'teretni', 2004, 1500),
(179, 'Dante', 'teretni', 2005, 4600),
(180, 'Vanilla', 'putnički', 1999, 550),
(181, 'Megi', 'putnički i teretni', 1990, 4000),
(182, 'Obala', 'putnički', 2018, 650),
(183, 'Aura', 'putnički i teretni', 1999, 5005),
(184, 'Sea', 'putnički', 2000, 400),
(185, 'Marija', 'putnički', 2006, 450),
(186, 'Mjesec', 'teretni', 2005, 3500),
(187, 'Morska priča', 'putnički', 2006, 600),
(188, 'Bijaković', 'teretni', 1999, 5000),
(189, 'Balthazar', 'teretni', 1899, 4000),
(190, 'Mazel', 'putnički i teretni', 2003, 3500),
(191, 'Luna', 'putnički i teretni', 1987, 3000),
(192, 'Bistro', 'teretni', 2005, 3600),
(193, 'Blago', 'putnički i teretni', 1980, 5000),
(194, 'Vionica', 'putnički i teretni', 1987, 3500),
(195, 'Slavija', 'teretni', 2000, 2500),
(196, 'Komiža', 'putnički i teretni', 1999, 5600),
(197, 'Krševan', 'putnički', 2005, 550),
(198, 'Hektorović', 'putnički', 1999, 700),
(199, 'Vaterland', 'putnički i teretni', 1989, 6070),
(200, 'Liburnija', 'putnički i teretni', 2000, 5008),
(201, 'Prizna', 'putnički', 2006, 2300),
(202, 'Ugljan', 'putnički', 2003, 300),
(203, 'Vladimir', 'putnički i teretni', 1967, 4000),
(204, 'Dubrovnik', 'putnički i teretni', 1990, 5600),
(205, 'Postira', 'teretni', 1999, 3500),
(206, 'Tijat', 'putnički i teretni', 1999, 5000),
(207, 'Borik', 'teretni', 1999, 4600),
(208, 'Vladimir', 'teretni', 2000, 5000),
(209, 'Ero', 'teretni', 2005, 3500),
(210, 'Ozalj', 'teretni', 2001, 4500),
(211, 'Postira', 'putnički i teretni', 2000, 4500),
(212, 'Albatros', 'teretni', 1999, 6000),
(213, 'Sylvania', 'putnički i teretni', 1899, 4500),
(214, 'Dora', 'teretni', 2005, 4000),
(215, 'Dubravka', 'putnički i teretni', 1999, 2000),
(216, 'Marija', 'teretni', 1996, 5000),
(217, 'Olea', 'teretni', 1999, 5000),
(218, 'Silba', 'putnički i teretni', 2004, 5600),
(219, 'Karolina', 'putnički', 2006, 500),
(220, 'Sylvania', 'teretni', 2017, 6500),
(221, 'Novalja', 'teretni', 2004, 4500),
(222, 'Neptun', 'putnički i teretni', 2006, 5000),
(223, 'San', 'putnički', 2000, 550),
(224, 'Aura', 'putnički i teretni', 2000, 4500),
(225, 'San', 'teretni', 1989, 6000),
(226, 'Aura', 'teretni', 1898, 7000),
(227, 'Obala', 'putnički i teretni', 1969, 5000),
(228, 'Kubat', 'teretni', 1999, 5500),
(229, 'Bistro', 'putnički i teretni', 2017, 6000),
(230, 'Darija', 'putnički i teretni', 2004, 4500),
(231, 'Adriana', 'putnički', 1980, 350),
(232, 'Silba', 'teretni', 1999, 5500),
(233, 'Karolina', 'putnički i teretni', 1999, 4000),
(234, 'Dora', 'putnički', 2007, 500),
(235, 'Jelena', 'teretni', 1999, 5000),
(236, 'Afrodita', 'teretni', 2000, 5060),
(237, 'Liburnija', 'putnički', 2000, 450),
(238, 'Prizna', 'teretni', 1999, 5000),
(239, 'Hektorović', 'putnički', 1899, 350),
(240, 'President', 'teretni', 2006, 6000),
(241, 'Tin Ujević', 'putnički', 2001, 500),
(242, 'Borik', 'putnički', 2005, 1000),
(243, 'Ero', 'putnički i teretni', 1999, 7000),
(244, 'Lara', 'putnički', 2007, 500),
(245, 'Vis', 'putnički i teretni', 2003, 6500),
(246, 'Borik', 'teretni', 1989, 4500),
(247, 'Ozalj', 'putnički', 2001, 500),
(248, 'Judita', 'teretni', 2021, 6000),
(249, 'Olea', 'putnički', 1897, 800),
(250, 'Bartol', 'putnički', 1897, 1200),
(251, 'Darija', 'teretni', 1876, 4505);

-- --------------------------------------------------------

--
-- Table structure for table `kapetan`
--



--
-- Dumping data for table `kapetan`
--

INSERT INTO `kapetan` (`sifra_kapetana`, `ime`, `prezime`, `radno_iskustvo`) VALUES
(1, 'Ivan', 'Majić', 6),
(2, 'Filip', 'Abramović', 7),
(3, 'Juraj', 'Anić', 8),
(4, 'Mate', 'Antunović', 5),
(5, 'Hrvoje', 'Balić', 9),
(6, 'Josip', 'Ban', 5),
(7, 'Jole', 'Bakarić', 10),
(8, 'Ante', 'Barić', 2),
(9, 'Alen', 'Bartolović', 8),
(10, 'Fran', 'Bešlić', 13),
(11, 'Tin ', 'Ciprić', 13),
(12, 'Josip', 'Čavar', 4),
(13, 'Ante', 'Ćosić', 6),
(14, 'Domagoj', 'Delić', 4),
(15, 'Ivan', 'Čaljkušić', 8),
(16, 'David', 'Desnica', 10),
(17, 'Ivica', 'Dobrić', 12),
(18, 'Marijo', 'Galić', 3),
(19, 'Tin', 'Diklić', 6),
(20, 'Hrvoje', 'Anić', 2),
(21, 'Ivan ', 'Grdić', 8),
(22, 'Ante', 'Halambek', 9),
(23, 'Marko', 'Gudelj', 10),
(24, 'Josip', 'Gudelj', 6),
(25, 'Andrija', 'Babić', 5),
(26, 'Ante', 'Baković', 9),
(27, 'Antun', 'Balenović', 12),
(28, 'Blaž', 'Benić', 13),
(29, 'Boris ', 'Berić', 15),
(30, 'Damir', 'Blažević', 3),
(31, 'David', 'Blaževski', 9),
(32, 'Bruno', 'Bilić', 17),
(33, 'Dražen', 'Bošnjak', 15),
(34, 'Domagoj', 'Brkić', 14),
(35, 'Dubravko', 'Brnčić', 7),
(36, 'Darko', 'Brozović', 19),
(37, 'Boris', 'Berić', 20),
(38, 'Dean', 'Boban', 6),
(39, 'Danijel', 'Pejić', 8),
(40, 'Jakov', 'Čuljak', 10),
(41, 'Dario', 'Bunić', 6),
(42, 'Jakov', 'Bunić', 23),
(43, 'Dražen', 'Car', 4),
(44, 'Darko', 'Caput', 7),
(45, 'Zvonimir', 'Petrović', 2),
(46, 'Jozo', 'Barbarić', 3),
(47, 'Adam', 'Čakarić', 4),
(48, 'Dubravko', 'Čelik', 12),
(49, 'Domagoj', 'Čeliković', 8),
(50, 'Jakov', 'Đuričić', 6),
(51, 'Tin', 'Horvatović', 3),
(52, 'Borna', 'Šimić', 20),
(53, 'Karlo', 'Vuković', 7),
(54, 'Roko', 'Pavlović', 13),
(55, 'Marko', 'Kraljević', 21),
(56, 'Matej', 'Lukić', 16),
(57, 'Nikola', 'Knežević', 9),
(58, 'Vedran', 'Matković', 15),
(59, 'Lukas', 'Kovačić', 6),
(60, 'Marijan', 'Ljubić', 21),
(61, 'Josip', 'Marković', 16),
(62, 'Marin', 'Goluža', 5),
(63, 'Ante', 'Nižić', 11),
(64, 'Marko', 'Miličević', 6),
(65, 'Petar', 'Bunoza', 21),
(66, 'Robert', 'Čolak', 11),
(67, 'Borna', 'Musa', 4),
(68, 'Luka', 'Lovrić', 14),
(69, 'Dario', 'Matić', 2),
(70, 'Karlo', 'Marić', 7),
(71, 'Stjepan', 'Pehar', 14),
(72, 'Lana', 'Kovačić', 6),
(73, 'Fran', 'Čuljak', 16),
(74, 'Mia', 'Horvat', 14),
(75, 'Petar', 'Matković', 4),
(76, 'Goran', 'Vištica', 8),
(77, 'Ivan', 'Marušić', 24),
(78, 'Hrvoje', 'Rozić', 19),
(79, 'Zoran', 'Ivković', 17),
(80, 'Davor', 'Tadić', 12),
(81, 'Branimir', 'Vukelić', 15),
(82, 'Matej', 'Barbarić', 5),
(83, 'Mario', 'Dedić', 6),
(84, 'Darko', 'Ivanković', 8),
(85, 'Zlatko', 'Kraljević', 27),
(86, 'Boris', 'Katić', 17),
(87, 'Stipe', 'Pavić', 6),
(88, 'Mladen', 'Miljković', 1),
(89, 'Silvio', 'Kovač', 4),
(90, 'Ivo', 'Vuković', 7),
(91, 'Kristijan', 'Franjić', 2),
(92, 'Goran', 'Ćorluka', 6),
(93, 'Matijas', 'Perković', 16),
(94, 'Ivan', 'Soldo', 15),
(95, 'Laura', 'Stanković', 20),
(96, 'Stanko', 'Blažević', 29),
(97, 'Blaž', 'Jurković', 5),
(98, 'Stipe', 'Markotić', 18),
(99, 'Antonio', 'Mišetić', 11),
(100, 'Dario', 'Lovrić', 14),
(101, 'Mate', 'Mandić', 12),
(102, 'Franko', 'Šimić', 9),
(103, 'Kruno', 'Mijatović', 5),
(104, 'Marko', 'Vlašić', 10),
(105, 'Boris', 'Matić', 3),
(106, 'Marino', 'Bebek', 16),
(107, 'Andrej', 'Tolušić', 7),
(108, 'Mirko', 'Mikulić', 1),
(109, 'Andrija', 'Primorac', 11),
(110, 'Boško', 'Barić', 2),
(111, 'Nina', 'Pejić', 1),
(112, 'Milenko', 'Babić', 23),
(113, 'Dejan', 'Kovačević', 5),
(114, 'Bruno', 'Luković', 4),
(115, 'Noa', 'Vukšić', 18),
(116, 'Alen', 'Livaković', 14),
(117, 'Niko', 'Markota', 25),
(118, 'Milan', 'Pavlović', 14),
(119, 'Martin', 'Kardum', 20),
(120, 'Marko', 'Biško', 16),
(121, 'Marijan', 'Tomić', 1),
(122, 'Mislav', 'Zovak\r\n', 21),
(123, 'Zvonimir', 'Rašić', 22),
(124, 'Petar', 'Kozina', 12),
(125, 'Antun', 'Petrović', 9),
(126, 'Damjan', 'Vlašić', 20),
(127, 'Marina', 'Grbavac', 14),
(128, 'Zdravko', 'Landeka', 3),
(129, 'Danijel', 'Ostojić', 16),
(130, 'Antonio', 'Vukšić', 24),
(131, 'Mate', 'Marinović', 7),
(132, 'Šimun', 'Herceg', 17),
(133, 'Mihael', 'Šarac', 5),
(134, 'Martin', 'Lozić', 4),
(135, 'Neven', 'Petković', 7),
(136, 'Igor', 'Kozina', 9),
(137, 'Leo', 'Mihaljević', 17),
(138, 'Šime', 'Janković', 1),
(139, 'Jan', 'Tomić', 7),
(140, 'Dorian', 'Pehar', 26),
(141, 'Janko', 'Knezović', 3),
(142, 'Duje', 'Tomić', 14),
(143, 'Nikola', 'Tolić', 11),
(144, 'Slavko', 'Eres', 20),
(145, 'Tvrtko', 'Knežević', 30),
(146, 'Dragan', 'Bebek', 15),
(147, 'Marinko', 'Popović', 23),
(148, 'Juraj', 'Vujević', 8),
(149, 'Franjo', 'Marković', 14),
(150, 'Ivo', 'Dragićević', 2),
(151, 'Ivan', 'Božić', 11),
(152, 'Bojan', 'Markić', 19),
(153, 'Krunoslav', 'Simić', 22),
(154, 'Leo', 'Mladenović', 9),
(155, 'Gabriel', 'Ivanković', 5),
(156, 'Leon', 'Čuljak', 17),
(157, 'Petra', 'Vukmanić', 6),
(158, 'Dinko', 'Cvitanović', 3),
(159, 'Luka', 'Vukmanić', 8),
(160, 'David', 'Grubišić', 12),
(161, 'Zvonko', 'Boras', 11),
(162, 'Jozo', 'Musa', 15),
(163, 'Domagoj', 'Bilić', 24),
(164, 'Renato', 'Landeka', 27),
(165, 'Mateo', 'Džajić', 7),
(166, 'Krešo', 'Pavlović', 6),
(167, 'Hrvoje', 'Vujević', 8),
(168, 'Slaven', 'Nuić', 2),
(169, 'Emanuel', 'Šilić', 25),
(170, 'Vjeko', 'Kozarac', 14),
(171, 'Lovro', 'Kožul', 16),
(172, 'Ljubo', 'Jelčić', 22),
(173, 'Ana', 'Puljić', 11),
(174, 'Leonardo', 'Nosić', 2),
(175, 'Dorijan', 'Madunović', 9),
(176, 'Jakov', 'Praljak', 5),
(177, 'Ante', 'Marić', 6),
(178, 'Jure', 'Šimić', 14),
(179, 'Anđelo', 'Boras', 9),
(180, 'Mihael', 'Medić', 21),
(181, 'Luciano', 'Rašić', 11),
(182, 'Grgo', 'Puljić', 1),
(183, 'Roko', 'Sabljić', 19),
(184, 'Toma', 'Herceg', 16),
(185, 'Vito', 'Vidović', 12),
(186, 'Sven', 'Grgić', 8),
(187, 'Miran', 'Lončar', 14),
(188, 'Dino', 'Barišić', 6),
(189, 'Rudo', 'Živković', 22),
(190, 'Ilija', 'Lukić', 12),
(191, 'Jerko', 'Klarić', 10),
(192, 'Stanislav', 'Antunović', 29),
(193, 'Tvrtko', 'Miletić', 11),
(194, 'Igor', 'Marjanović', 7),
(195, 'Vlado', 'Cindrić', 9),
(196, 'Željko', 'Jurišić', 11),
(197, 'Patrik', 'Lučić', 5),
(198, 'Žarko', 'Ilić', 2),
(199, 'Vinko', 'Milić', 14),
(200, 'Valentin', 'Tadić', 4),
(201, 'Borna', 'Šimić', 21),
(202, 'Neven', 'Raguž', 9),
(203, 'Bernard', 'Buntić', 13),
(204, 'Emil', 'Pavlović', 19),
(205, 'Josip', 'Kardum', 17),
(206, 'Luka', 'Paradžik', 4),
(207, 'Damir', 'Prskalo', 17),
(208, 'Tin', 'Ereš', 20),
(209, 'Šimun', 'Pavić', 16),
(210, 'Vjeko', 'Jozeljić', 9),
(211, 'Luka', 'Vištica', 1),
(212, 'Gabriel', 'Čotić', 6),
(213, 'Mario', 'Vučić', 31),
(214, 'Tomo', 'Kordić', 17),
(215, 'Zvonimir', 'Zadro', 28),
(216, 'Marin', 'Šutalo', 20),
(217, 'Mihaela', 'Prskalo', 1),
(218, 'Tina', 'Zovak', 21),
(219, 'Damjan', 'Lukić', 5),
(220, 'Darko', 'Karlović', 12),
(221, 'Dražen', 'Markić', 26),
(222, 'Miran', 'Mikulić', 7),
(223, 'Dubravko', 'Jović', 21),
(224, 'Teo', 'Raič', 16),
(225, 'Luka', 'Šakić', 5),
(226, 'Marko', 'Selak', 18),
(227, 'Duje', 'Šunjić', 22),
(228, 'Toni', 'Leko', 12),
(229, 'Tihomir', 'Galić', 16),
(230, 'Zrinko', 'Čolović', 8),
(231, 'Boris', 'Divković', 2),
(232, 'Vlatko', 'Čuljak', 7),
(233, 'Branimir', 'Kožul', 19),
(234, 'Jure', 'Luburić', 9),
(235, 'Andro', 'Smoljan', 27),
(236, 'Mario', 'Ivanković', 21),
(237, 'Viktor', 'Vukšić', 13),
(238, 'Ivan', 'Zadro', 15),
(239, 'Roko', 'Mišetić', 16),
(240, 'Predrag', 'Bubalo', 22),
(241, 'Zlatko', 'Primorac', 7),
(242, 'Lovro', 'Tolić', 3),
(243, 'Ivica', 'Grbavac', 16),
(244, 'Goran', 'Pejić', 25),
(245, 'Grgo', 'Musa', 11),
(246, 'Matej', 'Slišković', 6),
(247, 'Mirko', 'Horvat', 12),
(248, 'Denis', 'Barić', 11),
(249, 'David', 'Šimić', 23),
(250, 'Nikola', 'Mihaljević', 26),
(251, 'Davor', 'Ružić', 5);

-- --------------------------------------------------------

--
-- Table structure for table `karta`
--


--
-- Dumping data for table `karta`
--

INSERT INTO `karta` (`sifra_karte`, `cijena`, `vrsta`, `vrijeme_polaska`, `vrijeme_dolaska`, `sifra_voznje`, `sifra_putnika`) VALUES
(1, 20, 'jednosmjerna', '2023-05-23 20:17:01', '2023-05-23 21:17:01', 34, 58),
(11, 56, 'povratna', '2023-05-23 20:19:36', '2023-05-26 19:19:48', 35, 60),
(12, 40, 'povratna', '2023-06-21 20:19:48', '2023-06-28 20:19:48', 40, 20),
(13, 50, 'jednosmjerna', '2023-05-10 20:19:48', '2023-05-10 21:20:48', 56, 34),
(14, 40, 'povratna', '2023-06-21 20:19:48', '2023-07-06 20:19:48', 70, 60),
(15, 60, 'povratna', '2023-08-16 20:19:48', '2023-08-23 21:19:48', 40, 35),
(16, 30, 'jednosmjerna', '2023-05-18 16:19:48', '2023-05-18 17:19:48', 75, 76),
(17, 100, 'povratna', '2023-06-22 20:19:48', '2023-06-27 15:20:00', 88, 89),
(18, 70, 'povratna', '2023-05-26 20:19:48', '2023-06-01 17:19:48', 67, 45),
(19, 80, 'povratna', '2023-06-22 13:20:50', '2023-07-19 20:19:48', 80, 90),
(20, 40, 'jednosmjerna', '2023-06-08 15:19:48', '2023-06-08 16:19:48', 30, 32),
(21, 43, 'jednosmjerna', '2023-08-16 10:25:00', '2023-08-16 11:15:49', 54, 25),
(22, 115, 'povratna', '2023-05-25 09:10:48', '2023-06-14 20:11:24', 73, 72),
(23, 35, 'jednosmjerna', '2023-04-18 17:19:48', '2023-04-18 18:20:48', 55, 66),
(24, 20.2, 'jednosmjerna', '2023-05-23 21:36:46', '2023-05-23 22:36:46', 86, 80),
(25, 35.6, 'povratna', '2023-09-01 20:40:50', '2023-09-01 23:50:50', 233, 229),
(26, 250, 'jednosmjerna', '2023-07-28 05:30:00', '2023-07-31 20:37:50', 21, 30),
(27, 90, 'povratna', '2023-05-30 20:41:35', '2023-05-30 22:41:35', 11, 105),
(28, 30, 'povratna', '2023-05-24 10:45:00', '2023-05-24 20:42:00', 2, 28),
(29, 100, 'jednosmjerna', '2023-09-20 20:42:00', '2023-09-22 20:42:00', 219, 199),
(30, 40.5, 'povratna', '2023-06-08 14:42:19', '2023-06-08 20:42:19', 58, 60),
(31, 180.5, 'povratna', '2023-06-28 20:42:00', '2023-06-29 15:40:00', 12, 21),
(32, 170, 'jednosmjerna', '2023-07-18 09:42:00', '2023-07-23 10:42:00', 21, 70),
(33, 105, 'jednosmjerna', '2023-05-30 14:00:00', '2023-05-30 23:30:00', 26, 9),
(34, 95, 'povratna', '2023-08-09 20:42:20', '2023-08-12 20:42:20', 44, 55),
(35, 120.5, 'jednosmjerna', '2023-06-16 20:42:20', '2023-06-17 20:42:20', 32, 33),
(36, 65.8, 'jednosmjerna', '2023-05-31 16:42:20', '2023-05-31 20:42:20', 55, 119),
(37, 200, 'povratna', '2023-07-19 04:42:20', '2023-07-19 14:42:20', 111, 222),
(38, 58.2, 'jednosmjerna', '2023-05-29 20:42:20', '2023-05-29 21:42:20', 235, 23),
(39, 20.5, 'jednosmjerna', '2023-06-20 20:42:20', '2023-06-20 21:42:20', 66, 125),
(40, 105.85, 'povratna', '2023-08-24 20:42:20', '2023-08-29 20:42:20', 14, 55),
(41, 122, 'povratna', '2023-05-25 20:42:20', '2023-05-26 20:42:20', 10, 6),
(42, 195.6, 'povratna', '2023-07-11 20:42:20', '2023-07-13 20:42:20', 163, 201),
(43, 160.5, 'povratna', '2023-06-14 20:42:20', '2023-06-15 20:42:20', 206, 217),
(44, 103, 'jednosmjerna', '2023-05-26 20:42:20', '2023-05-27 00:00:00', 112, 123),
(45, 30, 'jednosmjerna', '2023-05-26 09:03:40', '2023-05-26 12:03:40', 10, 5),
(46, 90.6, 'povratna', '2023-06-30 21:03:40', '2023-06-30 22:05:40', 54, 32),
(47, 35, 'jednosmjerna', '2023-07-01 10:03:40', '2023-07-01 14:03:40', 25, 21),
(48, 220, 'povratna', '2023-06-19 21:03:40', '2023-06-28 21:03:40', 122, 144),
(49, 32, 'jednosmjerna', '2023-05-31 21:03:40', '2023-05-31 21:03:40', 109, 99),
(50, 75, 'jednosmjerna', '2023-06-20 20:05:40', '2023-06-20 22:03:40', 25, 20),
(51, 152, 'povratna', '2023-05-23 21:03:40', '2023-05-23 23:05:40', 126, 178),
(52, 59.5, 'jednosmjerna', '2023-06-26 10:03:40', '2023-06-26 12:03:40', 65, 6),
(53, 63, 'jednosmjerna', '2023-05-30 21:03:40', '2023-05-30 22:03:40', 14, 4),
(54, 123, 'povratna', '2023-08-03 12:00:00', '2023-09-05 22:00:00', 70, 50),
(55, 150.5, 'povratna', '2023-06-16 15:03:40', '2023-06-17 21:03:40', 12, 208),
(56, 120, 'povratna', '2023-05-26 21:03:40', '2023-05-27 21:03:40', 64, 79),
(57, 200, 'povratna', '2023-06-19 21:03:40', '2023-06-22 21:03:40', 68, 78),
(58, 90, 'jednosmjerna', '2023-06-23 15:03:40', '2023-06-23 20:03:40', 25, 52),
(59, 50, 'jednosmjerna', '2023-05-25 20:03:40', '2023-05-25 21:20:40', 168, 137),
(60, 88.8, 'povratna', '2023-07-23 21:03:40', '2023-07-24 21:03:40', 251, 247),
(61, 140.6, 'povratna', '2023-06-27 21:03:40', '2023-06-29 21:03:40', 65, 56),
(62, 50.2, 'jednosmjerna', '2023-05-24 21:03:40', '2023-05-26 21:03:40', 11, 11),
(63, 195, 'povratna', '2023-06-20 21:03:40', '2023-06-22 21:03:40', 100, 200),
(64, 152, 'povratna', '2023-09-18 21:03:40', '2023-09-20 21:03:40', 28, 132),
(65, 50, 'jednosmjerna', '2023-06-16 15:03:40', '2023-06-16 16:03:40', 93, 101),
(66, 55.2, 'jednosmjerna', '2024-05-01 09:00:00', '2024-05-01 13:40:00', 39, 18),
(67, 205, 'povratna', '2023-06-21 12:00:00', '2023-06-21 18:00:00', 154, 238),
(68, 150, 'jednosmjerna', '2023-08-10 07:15:00', '2023-08-10 22:50:00', 95, 44),
(69, 160.4, 'jednosmjerna', '2023-07-04 16:35:00', '2023-07-05 15:00:00', 172, 173),
(70, 40, 'jednosmjerna', '2023-06-12 13:00:00', '2023-06-12 15:50:00', 50, 190),
(71, 180.8, 'povratna', '2023-08-16 09:00:00', '2023-08-17 09:00:00', 191, 200),
(72, 280, 'povratna', '2023-07-02 20:00:00', '2023-07-05 14:20:00', 201, 100),
(73, 70.6, 'jednosmjerna', '2023-05-25 18:00:00', '2023-05-25 19:45:00', 14, 114),
(74, 230, 'jednosmjerna', '2023-07-28 21:05:00', '2023-08-03 11:30:00', 52, 236),
(75, 128.2, 'povratna', '2023-06-28 18:00:00', '2023-06-29 18:27:00', 3, 9),
(76, 350, 'povratna', '2023-06-30 19:55:00', '2023-07-03 18:35:00', 251, 251),
(77, 60.9, 'jednosmjerna', '2023-06-22 10:50:00', '2023-06-22 16:45:00', 58, 59),
(78, 160.4, 'povratna', '2023-08-23 06:55:00', '2023-08-24 23:50:00', 106, 113),
(79, 150, 'povratna', '2024-07-17 22:00:00', '2024-07-19 05:30:00', 5, 22),
(80, 303, 'jednosmjerna', '2024-07-18 18:45:00', '2024-07-25 19:05:00', 30, 3),
(81, 90, 'povratna', '2023-05-31 15:00:00', '2023-05-31 17:00:00', 17, 22),
(82, 50.5, 'jednosmjerna', '2023-06-03 16:25:00', '2023-06-03 18:27:00', 116, 227),
(83, 120.2, 'povratna', '2023-05-24 22:35:00', '2023-05-26 05:30:00', 105, 105),
(84, 265.55, 'povratna', '2024-08-20 11:25:00', '2024-08-22 18:25:00', 185, 197),
(85, 100, 'jednosmjerna', '2023-07-28 10:00:00', '2023-07-28 14:00:00', 168, 132),
(86, 200, 'povratna', '2023-05-25 18:55:00', '2023-05-26 18:50:00', 1, 1),
(87, 85.4, 'jednosmjerna', '2024-05-22 17:35:00', '2024-05-22 18:55:00', 85, 40),
(88, 201.6, 'povratna', '2023-09-17 19:55:00', '2023-09-18 14:00:00', 218, 249),
(89, 50, 'jednosmjerna', '2023-06-30 15:55:00', '2023-06-30 18:55:00', 215, 218),
(90, 107.7, 'povratna', '2023-06-24 11:55:00', '2023-06-25 12:15:00', 70, 107),
(91, 95.3, 'jednosmjerna', '2023-08-28 18:55:00', '2023-08-29 16:55:00', 184, 184),
(92, 165.7, 'povratna', '2023-06-08 18:55:00', '2023-06-09 18:55:00', 111, 11),
(93, 165.7, 'povratna', '2023-06-15 18:00:00', '2023-06-16 12:00:00', 150, 250),
(94, 150, 'jednosmjerna', '2023-07-19 13:20:00', '2023-07-21 08:45:00', 156, 156),
(95, 48.4, 'jednosmjerna', '2023-06-06 11:40:00', '2023-06-06 19:50:00', 50, 5),
(96, 270, 'povratna', '2024-07-22 20:05:00', '2024-07-25 12:30:00', 40, 30),
(97, 186, 'jednosmjerna', '2024-08-09 12:45:00', '2024-08-13 16:15:00', 210, 207),
(98, 210.7, 'povratna', '2023-05-29 11:20:00', '2023-05-30 14:55:00', 99, 231),
(99, 99.99, 'jednosmjerna', '2023-07-15 09:30:00', '2023-07-15 18:20:00', 212, 115),
(100, 55, 'jednosmjerna', '2024-06-20 13:00:00', '2023-05-26 17:00:00', 198, 17),
(101, 155.3, 'povratna', '2023-09-14 12:05:00', '2023-09-14 21:20:00', 121, 212),
(102, 217, 'povratna', '2023-07-30 15:20:00', '2023-07-31 18:00:00', 200, 100),
(103, 250, 'povratna', '2023-05-26 12:49:00', '2024-06-22 15:00:00', 241, 15),
(104, 60, 'jednosmjerna', '2023-05-26 12:00:00', '2023-05-26 19:00:00', 12, 19),
(105, 124.5, 'jednosmjerna', '2023-07-13 15:20:00', '2023-07-14 11:00:00', 214, 185),
(106, 129.7, 'jednosmjerna', '2023-08-26 19:05:00', '2023-08-27 13:00:00', 195, 95),
(107, 212, 'jednosmjerna', '2024-07-26 11:00:00', '2024-07-29 18:00:00', 165, 105),
(108, 168, 'povratna', '2023-06-14 15:00:00', '2023-06-15 20:00:00', 25, 21),
(109, 119.2, 'povratna', '2023-07-12 14:00:00', '2023-07-12 17:15:00', 135, 64),
(110, 186.1, 'jednosmjerna', '2023-09-20 12:00:00', '2023-09-20 20:00:00', 2, 1),
(111, 154.6, 'jednosmjerna', '2023-07-06 16:30:00', '2023-07-08 15:30:00', 60, 160),
(112, 111, 'povratna', '2023-05-23 12:00:00', '2023-05-23 19:55:00', 119, 119),
(113, 70.3, 'jednosmjerna', '2023-05-27 14:00:00', '2023-05-27 19:00:00', 12, 3),
(114, 125.6, 'povratna', '2023-06-24 12:00:00', '2023-06-24 17:35:00', 17, 228),
(115, 148.8, 'povratna', '2024-08-27 14:05:00', '2024-08-27 15:15:00', 119, 98),
(116, 250.3, 'povratna', '2023-07-07 19:00:00', '2023-07-09 11:00:00', 204, 11),
(117, 114, 'jednosmjerna', '2023-06-05 10:25:00', '2023-05-05 18:05:00', 211, 237),
(118, 150, 'jednosmjerna', '2023-05-20 14:00:00', '2023-05-20 21:40:00', 177, 77),
(119, 305.7, 'povratna', '2023-08-08 18:25:00', '2023-08-12 15:50:00', 214, 250),
(120, 109.5, 'jednosmjerna', '2023-06-19 06:00:00', '2023-06-19 19:35:00', 25, 193),
(121, 88, 'povratna', '2023-06-08 09:35:00', '2023-06-08 16:25:00', 6, 16),
(122, 184.3, 'povratna', '2024-07-19 08:10:00', '2024-07-20 19:00:00', 11, 222),
(123, 144, 'povratna', '2023-05-31 14:00:00', '2023-05-31 19:55:00', 201, 136),
(124, 180.5, 'jednosmjerna', '2023-06-30 11:25:00', '2023-07-01 10:35:00', 60, 35),
(125, 116.3, 'povratna', '2023-08-17 15:00:00', '2023-08-17 21:00:00', 221, 226),
(126, 50, 'povratna', '2023-07-30 14:00:00', '2023-07-30 16:00:00', 154, 176),
(127, 100.6, 'povratna', '2023-09-14 15:20:00', '2023-09-14 18:15:00', 111, 111),
(128, 87.5, 'jednosmjerna', '2023-06-24 14:30:00', '2023-06-24 17:30:00', 182, 207),
(129, 108.8, 'jednosmjerna', '2023-08-01 14:30:00', '2023-08-01 20:00:00', 10, 20),
(130, 250.4, 'povratna', '2023-07-16 19:50:00', '2023-07-18 05:30:00', 32, 242),
(131, 112, 'jednosmjerna', '2023-07-22 10:30:00', '2023-07-22 21:00:00', 66, 12),
(132, 101.1, 'jednosmjerna', '2023-08-02 14:00:00', '2023-08-02 17:50:00', 88, 166),
(133, 67.3, 'jednosmjerna', '2023-07-27 14:00:00', '2023-07-27 16:10:00', 193, 208),
(134, 200.5, 'povratna', '2024-08-02 19:00:00', '2024-08-03 17:35:00', 35, 45),
(135, 171.6, 'povratna', '2023-07-22 14:00:00', '2023-07-22 20:00:00', 2, 1),
(136, 125.5, 'jednosmjerna', '2023-06-23 14:45:00', '2023-06-23 23:00:00', 23, 32),
(137, 100.6, 'povratna', '2023-07-29 10:00:00', '2023-07-29 16:20:00', 123, 123),
(138, 98.8, 'jednosmjerna', '2023-07-22 14:45:00', '2023-07-22 21:15:00', 21, 51),
(139, 264, 'povratna', '2023-08-18 19:00:00', '2023-08-21 07:00:00', 207, 7),
(140, 212.9, 'povratna', '2023-08-19 15:00:00', '2023-08-20 17:45:00', 171, 55),
(141, 88, 'jednosmjerna', '2023-05-20 14:00:00', '2023-05-20 17:00:00', 14, 214),
(142, 172.6, 'povratna', '2023-07-29 13:00:00', '2023-07-29 21:21:00', 212, 245),
(143, 110, 'jednosmjerna', '2024-06-13 10:10:00', '2024-06-13 15:15:00', 55, 200),
(144, 68, 'jednosmjerna', '2023-07-15 17:00:00', '2023-07-15 16:45:00', 213, 45),
(145, 111.5, 'jednosmjerna', '2023-07-27 12:00:00', '2023-07-27 19:25:00', 225, 125),
(146, 224, 'povratna', '2024-05-24 12:00:00', '2024-05-24 18:35:00', 183, 18),
(147, 150, 'jednosmjerna', '2023-07-17 18:30:00', '2023-07-18 15:15:00', 15, 215),
(148, 112, 'jednosmjerna', '2023-07-24 19:55:00', '2023-07-25 14:00:00', 100, 14),
(149, 99.6, 'povratna', '2023-06-24 11:30:00', '2023-05-24 15:00:00', 200, 102),
(150, 200, 'povratna', '2023-06-17 15:00:00', '2023-06-18 15:00:00', 18, 218),
(151, 225, 'povratna', '2024-08-30 15:00:00', '2024-08-31 13:00:00', 13, 13),
(152, 121.7, 'jednosmjerna', '2023-07-06 14:00:00', '2023-07-06 21:00:00', 125, 248),
(153, 248.5, 'povratna', '2024-06-06 10:00:00', '2024-06-06 17:00:00', 17, 217),
(154, 85.2, 'jednosmjerna', '2023-05-26 17:00:00', '2023-05-26 19:00:00', 19, 150),
(155, 50, 'jednosmjerna', '2023-06-17 07:30:00', '2023-06-17 12:00:00', 96, 160),
(156, 200, 'povratna', '2023-08-29 16:00:00', '2023-08-30 16:10:00', 16, 116),
(157, 107, 'jednosmjerna', '2023-07-14 09:10:00', '2023-07-14 21:25:00', 170, 29),
(158, 180.3, 'povratna', '2023-06-01 18:50:00', '2023-06-02 13:00:00', 13, 16),
(159, 104.5, 'jednosmjerna', '2023-08-06 10:00:00', '2023-09-06 15:00:00', 28, 114),
(160, 95.5, 'jednosmjerna', '2023-05-31 16:00:00', '2023-05-31 20:00:00', 20, 220),
(161, 200, 'povratna', '2023-06-10 15:15:00', '2023-07-11 10:30:00', 230, 99),
(162, 60.5, 'jednosmjerna', '2023-06-29 12:20:00', '2023-06-29 16:05:00', 165, 103),
(163, 126.6, 'jednosmjerna', '2023-07-30 18:30:00', '2023-08-01 09:45:00', 8, 9),
(164, 198, 'povratna', '2023-06-28 14:15:00', '2023-06-29 06:00:00', 196, 6),
(171, 100, 'jednosmjerna', '2023-05-26 15:55:28', '2023-05-26 16:55:28', 245, 204),
(172, 110, 'jednosmjerna', '2023-05-29 15:58:02', '2023-05-29 17:58:02', 101, 151),
(173, 50, 'jednosmjerna', '2023-07-19 17:58:02', '2023-07-19 18:58:02', 102, 152),
(174, 155, 'jednosmjerna', '2023-10-24 15:59:27', '2023-10-24 17:59:27', 107, 157),
(175, 200, 'povratna', '2023-05-17 16:08:15', '2023-05-24 16:08:15', 59, 167),
(176, 107, 'jednosmjerna', '2023-05-27 18:08:15', '2023-05-27 20:10:15', 21, 59),
(177, 245.5, 'povratna', '2023-06-20 16:09:52', '2023-07-25 17:10:52', 34, 208),
(178, 150, 'jednosmjerna', '2023-07-11 10:09:52', '2023-07-11 12:09:52', 68, 43),
(179, 50, 'jednosmjerna', '2023-05-30 14:30:52', '2023-05-30 16:00:52', 76, 56),
(180, 235.4, 'povratna', '2023-09-19 16:09:52', '2023-10-26 18:09:52', 145, 35),
(181, 450, 'povratna', '2023-06-21 18:09:52', '2023-06-26 20:30:52', 48, 95),
(182, 80.4, 'jednosmjerna', '2023-07-13 15:00:52', '2023-07-13 15:30:52', 92, 204),
(183, 245, 'povratna', '2023-05-28 19:09:52', '2023-06-01 16:30:52', 47, 104),
(184, 230, 'povratna', '2023-08-15 11:10:50', '2023-08-18 15:09:52', 78, 125),
(185, 150, 'jednosmjerna', '2023-07-06 19:00:52', '2023-07-06 21:29:52', 29, 1),
(186, 105.5, 'jednosmjerna', '2023-06-14 12:00:00', '2023-06-14 18:00:00', 134, 234),
(187, 99.99, 'povratna', '2023-07-27 13:00:00', '2023-07-28 18:00:00', 122, 98),
(188, 120, 'jednosmjerna', '2023-07-04 11:00:00', '2023-07-04 13:30:00', 34, 241),
(189, 135, 'povratna', '2023-08-10 15:00:00', '2023-08-14 16:00:00', 222, 95),
(190, 55, 'jednosmjerna', '2023-05-31 12:45:00', '2023-05-31 15:25:00', 45, 44),
(191, 155, 'povratna', '2023-06-15 17:00:00', '2023-06-18 11:35:00', 123, 84),
(192, 45.5, 'jednosmjerna', '2023-06-28 15:15:00', '2023-06-28 18:00:00', 22, 47),
(193, 89, 'jednosmjerna', '2023-05-30 14:00:00', '2023-05-30 16:25:00', 167, 244),
(194, 37, 'jednosmjerna', '2023-06-30 18:00:00', '2023-06-30 19:00:00', 212, 21),
(195, 244, 'povratna', '2023-06-11 12:00:00', '2023-06-14 18:00:00', 44, 77),
(196, 222.22, 'povratna', '2023-05-31 12:00:00', '2023-06-03 15:35:00', 51, 157),
(197, 123.33, 'jednosmjerna', '2023-05-30 22:45:51', '2023-05-31 00:45:00', 123, 222),
(198, 24, 'jednosmjerna', '2023-07-02 12:00:00', '2023-07-02 14:00:00', 124, 23),
(199, 145, 'povratna', '2023-06-01 13:30:00', '2023-06-02 12:00:00', 144, 78),
(200, 50, 'jednosmjerna', '2023-07-04 13:20:00', '2023-05-29 16:00:00', 23, 59),
(201, 123, 'jednosmjerna', '2023-06-14 12:00:00', '2023-06-14 19:35:00', 99, 29),
(202, 225, 'povratna', '2023-05-30 22:00:00', '2023-05-31 13:00:00', 45, 67),
(203, 45, 'jednosmjerna', '2023-06-17 12:35:00', '2023-06-17 16:00:00', 129, 94),
(204, 33.33, 'jednosmjerna', '2023-07-31 11:22:00', '2023-07-31 15:00:00', 243, 37),
(205, 135, 'povratna', '2023-06-28 15:00:00', '2023-06-29 16:00:00', 22, 73),
(206, 55, 'jednosmjerna', '2023-06-06 13:20:00', '2023-06-06 15:00:00', 27, 232),
(207, 125, 'jednosmjerna', '2023-05-30 07:00:00', '2023-05-30 19:30:00', 111, 237),
(208, 25, 'jednosmjerna', '2023-06-15 14:00:00', '2023-06-15 18:20:00', 89, 233),
(209, 60, 'jednosmjerna', '2023-05-31 13:20:00', '2023-05-31 17:00:00', 29, 92),
(210, 30, 'jednosmjerna', '2023-07-29 11:00:00', '2023-07-29 15:00:00', 12, 17),
(211, 290, 'povratna', '2023-06-01 10:00:00', '2023-06-04 14:00:00', 144, 44),
(212, 55.55, 'jednosmjerna', '2023-05-31 18:00:00', '2023-05-31 21:20:00', 27, 63),
(213, 70, 'povratna', '2023-05-30 16:00:00', '2023-05-31 13:30:00', 57, 87),
(214, 30.5, 'jednosmjerna', '2023-08-22 12:00:00', '2023-08-22 17:00:00', 96, 22),
(215, 300, 'povratna', '2023-06-20 14:00:00', '2023-06-25 17:00:00', 113, 32),
(216, 110.5, 'jednosmjerna', '2023-07-07 11:00:00', '2023-07-07 16:25:00', 7, 4),
(217, 205.8, 'povratna', '2024-07-12 07:00:00', '2024-07-12 18:50:00', 231, 123),
(218, 85.3, 'jednosmjerna', '2023-07-28 14:00:00', '2023-07-28 19:00:00', 80, 98),
(219, 107, 'jednosmjerna', '2023-06-16 16:50:00', '2023-06-16 21:25:00', 90, 95),
(220, 250.6, 'povratna', '2023-05-30 14:00:00', '2023-05-30 22:35:00', 222, 154),
(221, 114.3, 'jednosmjerna', '2023-07-07 11:00:00', '2023-06-07 17:00:00', 170, 203),
(222, 125.7, 'jednosmjerna', '2023-08-03 19:00:00', '2023-08-04 09:00:00', 9, 19),
(223, 201.3, 'povratna', '2024-06-08 12:00:00', '2024-06-08 19:30:00', 16, 193),
(224, 204, 'povratna', '2024-08-02 07:00:00', '2024-08-02 18:15:00', 181, 214),
(225, 305.2, 'povratna', '2023-07-24 17:00:00', '2023-07-26 10:10:00', 210, 200),
(226, 118.5, 'jednosmjerna', '2023-07-20 16:00:00', '2023-07-20 21:00:00', 201, 115),
(227, 150.6, 'jednosmjerna', '2024-06-21 17:00:00', '2024-06-22 16:20:00', 160, 162),
(228, 111.2, 'jednosmjerna', '2023-07-21 17:00:00', '2023-07-21 23:10:00', 236, 249),
(229, 99.4, 'jednosmjerna', '2023-07-29 14:00:00', '2023-07-29 18:15:00', 185, 6),
(230, 212.3, 'povratna', '2023-07-13 17:00:00', '2023-07-14 07:00:00', 17, 178),
(231, 80.3, 'jednosmjerna', '2023-06-30 15:15:00', '2023-06-30 19:00:00', 159, 112),
(232, 260.8, 'povratna', '2024-07-11 17:00:00', '2024-07-12 14:10:00', 10, 14),
(233, 125.9, 'jednosmjerna', '2023-06-09 13:00:00', '2023-06-09 18:00:00', 24, 42),
(234, 114.8, 'jednosmjerna', '2023-09-03 14:00:00', '2023-09-03 21:00:00', 210, 56),
(235, 212.2, 'povratna', '2023-07-14 15:00:00', '2023-07-15 06:00:00', 6, 63),
(236, 119.5, 'jednosmjerna', '2023-08-18 12:00:00', '2023-08-18 19:00:00', 250, 250),
(237, 218.5, 'povratna', '2023-07-14 09:00:00', '2023-07-14 22:00:00', 18, 252),
(238, 98.6, 'jednosmjerna', '2023-06-23 09:00:00', '2023-06-23 17:00:00', 187, 18),
(239, 125, 'jednosmjerna', '2023-08-23 10:00:00', '2023-08-23 18:00:00', 180, 214),
(240, 198.5, 'povratna', '2024-07-25 14:20:00', '2024-07-25 18:30:00', 249, 251),
(241, 102.3, 'jednosmjerna', '2023-07-05 12:00:00', '2023-07-05 18:20:00', 21, 28),
(242, 170.2, 'povratna', '2023-06-17 14:15:00', '2023-06-17 20:30:00', 22, 203),
(243, 80.4, 'jednomsjerna', '2023-07-28 17:00:00', '2023-07-28 20:25:00', 202, 205),
(244, 257.6, 'povratna', '2024-08-08 07:00:00', '2024-08-08 21:20:00', 105, 85),
(245, 198.6, 'povratna', '2023-07-01 09:00:00', '2023-07-01 17:00:00', 9, 9),
(246, 120.8, 'jednosmjerna', '2023-07-13 13:25:00', '2023-07-14 06:20:00', 106, 6),
(247, 111, 'jednosmjerna', '2023-09-20 14:00:00', '2023-09-20 18:40:00', 206, 114),
(248, 250.5, 'povratna', '2024-07-06 14:00:00', '2024-07-06 19:15:00', 191, 215),
(249, 132.6, 'jednosmjerna', '2023-07-15 12:00:00', '2023-07-15 19:00:00', 227, 19),
(250, 215, 'povratna', '2024-07-12 16:00:00', '2024-07-13 07:10:00', 71, 17),
(251, 260.7, 'povratna', '2023-07-22 14:00:00', '2023-07-22 19:15:00', 115, 215),
(252, 110.5, 'jednosmjerna', '2023-08-10 11:10:00', '2023-08-10 16:50:00', 221, 172),
(253, 114.6, 'jednosmjerna', '2023-09-14 13:25:00', '2023-09-14 18:55:00', 156, 185),
(254, 298.3, 'povratna', '2023-08-04 19:00:00', '2023-08-05 13:20:00', 139, 125),
(255, 118.6, 'jednosmjerna', '2023-07-16 10:00:00', '2023-07-16 18:00:00', 210, 10),
(256, 95, 'jednosmjerna', '2023-07-01 15:00:00', '2023-07-01 19:15:00', 110, 111),
(257, 226, 'povratna', '2023-08-11 12:00:00', '2023-08-11 18:15:00', 181, 212),
(258, 170.5, 'povratna', '2023-08-12 19:00:00', '2023-08-13 11:20:00', 118, 219),
(259, 125.6, 'jednosmjerna', '2023-05-30 18:28:09', '2023-05-30 18:28:09', 120, 116),
(260, 100.6, 'jednosmjerna', '2023-08-04 15:00:00', '2023-08-04 20:20:00', 20, 16),
(261, 198.3, 'povratna', '2023-07-27 11:25:00', '2023-07-27 18:20:00', 20, 220),
(262, 165.3, 'povratna', '2024-06-14 13:00:00', '2024-06-14 18:00:00', 13, 213),
(263, 78.6, 'jednosmjerna', '2023-07-08 14:20:00', '2023-07-08 19:10:00', 213, 13),
(264, 220.1, 'povratna', '2023-09-01 10:05:00', '2023-09-01 21:20:00', 113, 114),
(265, 150.2, 'jednosmjerna', '2023-08-30 17:30:00', '2023-08-31 16:25:00', 31, 108),
(266, 108.3, 'jednosmjerna', '2023-07-23 14:15:00', '2023-07-23 20:00:00', 207, 207);

-- --------------------------------------------------------

--
-- Table structure for table `luka`
--

--
-- Dumping data for table `luka`
--

INSERT INTO `luka` (`sifra_luke`, `naziv`, `drzava`) VALUES
(1, 'Luka Split', 'Hrvatska'),
(2, 'Luka Rotterdam', 'Nizozemska'),
(3, 'Luka Dubrovnik', 'Hrvatska'),
(4, 'Luka Hamburg', 'Njemačka'),
(5, 'Luka Antwerpen', 'Belgija'),
(6, 'Luka Ploče', 'Hrvatska'),
(7, 'Luka Zadar', 'Hrvatska'),
(8, 'Luka Pirej', 'Grčka'),
(9, 'Luka Valencia', 'Španjolska'),
(10, 'Luka Genova', 'Italija'),
(11, 'Luka Rijeka', 'Hrvatska'),
(12, 'Luka Kotor', 'Crna Gora'),
(13, 'Luka Marseille', 'Francuska'),
(14, 'Luka Bar', 'Crna Gora'),
(15, 'Luka Solun', 'Grčka'),
(16, 'Luka Drač', 'Albanija'),
(17, 'Luka Lavrion', 'Grčka'),
(18, 'Luka Budva', 'Crna Gora'),
(19, 'Luka Trst', 'Italija'),
(20, 'Luka Šibenik', 'Hrvatska'),
(21, 'Luka Koper', 'Slovenija'),
(22, 'Luka Le Havre', 'Francuska'),
(23, 'Luka Riga', 'Latvija'),
(24, 'Luka Gothenburg', 'Švedska'),
(25, 'Luka Bremen', 'Njemačka'),
(26, 'Luka Gdansk', 'Poljska'),
(27, 'Luka Dublin', 'Irska'),
(28, 'Luka Oslo', 'Norveška'),
(29, 'Luka Helsinki', 'Finska'),
(30, 'Luka Burgas', 'Bugarska'),
(31, 'Luka Valona', 'Albanija'),
(32, 'Luka Krf', 'Grčka'),
(33, 'Luka Nesebar', 'Bugarska'),
(34, 'Luka Konstanca', 'Rumunjska'),
(35, 'Luka Galati', 'Rumunjska'),
(36, 'Luka Rovinj', 'Hrvatska'),
(37, 'Luka Mangalia', 'Rumunjska'),
(38, 'Luka Tivat', 'Crna Gora'),
(39, 'Luka Volos', 'Grčka'),
(40, 'Luka Varna', 'Bugarska'),
(41, 'Luka Pirgos', 'Grčka'),
(42, 'Luka Korčula', 'Hrvatska'),
(43, 'Luka Porto Palermo', 'Albanija'),
(44, 'Luka Balchik', 'Bugarska'),
(45, 'Luka Vodice', 'Hrvatska'),
(46, 'Luka Zelenika', 'Crna Gora'),
(47, 'Luka Tallin', 'Estonija'),
(48, 'Luka Southampton', 'Velika Britanija'),
(49, 'Luka Istanbul', 'Turska'),
(50, 'Luka Klaipeda', 'Litva'),
(51, 'Luka Algeciras', 'Španjolska'),
(52, 'Luka Bari', 'Italija'),
(53, 'Luka Nantes', 'Francuska'),
(54, 'Luka Las Palmas', 'Španjolska'),
(55, 'Luka Ravenna', 'Italija'),
(56, 'Luka Tilbury', 'Velika Britanija'),
(57, 'Luka Agigea', 'Rumunjska'),
(58, 'Luka Gijon', 'Španjolska'),
(59, 'Luka Trieste', 'Italija'),
(60, 'Luka Rouen', 'Francuska'),
(61, 'Luka Pula', 'Hrvatska'),
(62, 'Luka Lastovo', 'Hrvatska'),
(63, 'Luka Ulcinj', 'Crna Gora'),
(64, 'Luka Malmo', 'Švedska'),
(65, 'Luka Kotka', 'Finska'),
(66, 'Luka Kirkenes', 'Norveška'),
(67, 'Luka Saint-Malo', 'Francuska'),
(68, 'Luka Rauma', 'Finska'),
(69, 'Luka Bergen', 'Norveška'),
(70, 'Luka Gdynia', 'Poljska'),
(71, 'Luka Odesa', 'Ukrajina'),
(72, 'Luka Liverpool', 'Velika Britanija'),
(73, 'Luka Lisabon', 'Portugal'),
(74, 'Luka Gent', 'Belgija'),
(75, 'Luka Sozopol', 'Bugarska'),
(76, 'Luka Felixstowe', 'Velika Britanija'),
(77, 'Luka Sines', 'Portugal'),
(78, 'Luka Ostend', 'Belgija'),
(79, 'Luka Ravda', 'Bugarska'),
(80, 'Luka Napoli', 'Italija'),
(81, 'Luka Parnu', 'Estonija'),
(82, 'Luka Viana do Castelo', 'Portugal'),
(83, 'Luka Pomorie', 'Bugarska'),
(84, 'Luka Palermo', 'Italija'),
(85, 'Luka Kunda', 'Estonija'),
(86, 'Luka Portoroz', 'Slovenija'),
(87, 'Luka Ahtopol', 'Bugarska'),
(88, 'Luka Porto di Anzio', 'Italija'),
(89, 'Luka Muuga', 'Estonija'),
(90, 'Luka Setubal', 'Portugal'),
(91, 'Luka Sinemortes', 'Bugarska'),
(92, 'Luka De Panne', 'Belgija'),
(93, 'Luka Piran', 'Slovenija'),
(94, 'Luka Kherson', 'Ukrajina'),
(95, 'Luka Izola', 'Slovenija'),
(96, 'Luka Blankenberge', 'Belgija'),
(97, 'Luka Mariupol', 'Ukrajina'),
(98, 'Luka Kavarna', 'Bugarska'),
(99, 'Luka Sillamae', 'Estonija'),
(100, 'Luka Porto Nibani', 'Italija'),
(101, 'Luka Mali Lošinj', 'Hrvatska'),
(102, 'Luka Herceg Novi', 'Crna Gora'),
(103, 'Luka Novigrad', 'Hrvatska'),
(104, 'Luka Risan', 'Crna Gora'),
(105, 'Luka Valletta', 'Malta'),
(106, 'Luka Vlore', 'Albanija'),
(107, 'Luka Rava', 'Hrvatska'),
(108, 'Luka Barcelona', 'Španjolska'),
(109, 'Luka Sliema', 'Malta'),
(110, 'Luka Punat', 'Hrvatska'),
(111, 'Luka Bijela', 'Crna Gora'),
(112, 'Luka Kalkara', 'Malta'),
(113, 'Luka Bilbao', 'Španjolska'),
(114, 'Luka Saranda', 'Albanija'),
(115, 'Luka Lopar', 'Hrvatska'),
(116, 'Luka Sućuraj', 'Hrvatska'),
(117, 'Luka Vittoriosa', 'Malta'),
(118, 'Vela Luka', 'Hrvatska'),
(119, 'Luka Malaga', 'Španjolska'),
(120, 'Luka Dobrota', 'Crna Gora'),
(121, 'Luka Tkon', 'Hrvatska'),
(122, 'Luka Durres', 'Albanija'),
(123, 'Luka Cartagena', 'Španjolska'),
(124, 'Luka Bigova', 'Crna Gora'),
(125, 'Luka Rostock', 'Njemačka'),
(126, 'Luka Novalja', 'Hrvatska'),
(127, 'Luka Klaipeda', 'Litvanija'),
(128, 'Luka Leros', 'Grčka'),
(129, 'Luka Lubeck', 'Njemačka'),
(130, 'Luka Porto Romano', 'Albanija'),
(131, 'Luka Kali', 'Hrvatska'),
(132, 'Luka Limnos', 'Grčka'),
(133, 'Luka Kiel ', 'Njemačka'),
(134, 'Luka Luštica', 'Crna Gora'),
(135, 'Luka Šventoji', 'Litvanija'),
(136, 'Luka Paros', 'Grčka'),
(137, 'Luka Emden', 'Njemačka'),
(138, 'Luka Povlja', 'Hrvatska'),
(139, 'Luka Midia', 'Rumunjska'),
(140, 'Luka Orikum', 'Albanija'),
(141, 'Luka Solina', 'Rumunjska'),
(142, 'Luka Palanga', 'Litvanija'),
(143, 'Luka Veli Iž', 'Hrvatska'),
(144, 'Luka Foynes', 'Irska'),
(145, 'Luka Bastia', 'Francuska'),
(146, 'Luka Wismar', 'Njemačka'),
(147, 'Luka Himara', 'Albanija'),
(148, 'Luka Kefalonia', 'Grčka'),
(149, 'Luka Nida', 'Litvanija'),
(150, 'Luka Korčula', 'Hrvatska'),
(151, 'Luka Jale', 'Albanija'),
(152, 'Luka Buljarica', 'Crna Gora'),
(153, 'Luka Dunkirk', 'Francuska'),
(154, 'Luka Souda', 'Grčka'),
(155, 'Luka Astakos', 'Grčka'),
(156, 'Luka Santorini', 'Grčka'),
(157, 'Luka Šilute', 'Litvanija'),
(158, 'Luka Kalimanj', 'Crna Gora'),
(159, 'Luka Calais', 'Francuska'),
(160, 'Luka Cork', 'Irska'),
(161, 'Luka Rava', 'Hrvatska'),
(162, 'Luka Belfast', 'Irska'),
(163, 'Luka Rose', 'Crna Gora'),
(164, 'Luka Milna', 'Hrvatska'),
(165, 'Luka Antibes', 'Francuska'),
(166, 'Luka Rusne', 'Litvanija'),
(167, 'Luka Kalamaki', 'Grčka'),
(168, 'Luka Sete', 'Francuska'),
(169, 'Luka Larne', 'Irska'),
(170, 'Luka Punat', 'Hrvatska'),
(171, 'Luka Kalamata', 'Grčka'),
(172, 'Luka Žanjice', 'Crna Gora'),
(173, 'Luka Bonifacio', 'Francuska'),
(174, 'Luka Andorra la Vella', 'Andora'),
(175, 'Luka Sali', 'Hrvatska'),
(176, 'Luka Amsterdam', 'Nizozemska'),
(177, 'Luka Limerick', 'Irska'),
(178, 'Luka Piliuona', 'Litvanija'),
(179, 'Luka Primošten', 'Hrvatska'),
(180, 'Luka Harlingen', 'Nizozemska'),
(181, 'Luka Kavala', 'Grčka'),
(182, 'Luka Sligo', 'Irska'),
(183, 'Luka Kraljevica', 'Hrvatska'),
(184, 'Luka Den Helder', 'Nizozemska'),
(185, 'Luka Rafina', 'Grčka'),
(186, 'Luka Karkle', 'Litvanija'),
(187, 'Luka Arklow', 'Irska'),
(188, 'Luka Tiel', 'Nizozemska'),
(189, 'Luka Katakolo', 'Grčka'),
(190, 'Luka Braila', 'Rumunjska'),
(191, 'Luka Fenit', 'Irska'),
(192, 'Luka Vis', 'Hrvatska'),
(193, 'Luka Patras', 'Grčka'),
(194, 'Luka Almeria', 'Španjolska'),
(195, 'Luka Vente', 'Litvanija'),
(196, 'Luka Kintai', 'Litvanija'),
(197, 'Luka Gradac', 'Hrvatska'),
(198, 'Luka Velsen', 'Nizozemska'),
(199, 'Luka Santa Cruz', 'Španjolska'),
(200, 'Luka Instanbul', 'Turska'),
(201, 'Luka Split', 'Hrvatska'),
(202, 'Luka Bari', 'Italija'),
(203, 'Luka Gijon', 'Španjolska'),
(204, 'Luka Pula', 'Hrvatska'),
(205, 'Luka Riga', 'Latvija'),
(206, 'Luka Nesebar', 'Bugarska'),
(207, 'Luka Galati', 'Rumunjska'),
(208, 'Luka Rovinj', 'Hrvatska'),
(209, 'Luka Lučica', 'Hrvatska'),
(210, 'Luka Dubrovnik', 'Hrvatska'),
(211, 'Luka Barcelona', 'Španjolska'),
(212, 'Luka Malaga', 'Španjolska'),
(213, 'Luka Venecija', 'Italija'),
(214, 'Luka Alicante', 'Španjolska'),
(215, 'Luka Ancona', 'Italija'),
(216, 'Luka Rotterdam', 'Nizozemska'),
(217, 'Luka Hamburg', 'Njemačka'),
(218, 'Luka Marseille', 'Francuska'),
(219, 'Luka Antwerpen', 'Belgija'),
(220, 'Luka Koper', 'Slovenija'),
(221, 'Luka Alicante', 'Španjolska'),
(222, 'Luka Bari', 'Italija'),
(223, 'Luka Trst', 'Italija'),
(224, 'Luka Busan', 'Južna Koreja'),
(225, 'Luka Split', 'Hrvatska'),
(226, 'Luka Oslo', 'Norveška'),
(227, 'Luka Valona', 'Albanija'),
(228, 'Luka Mangalia', 'Rumunjaska'),
(229, 'Luka Tivat', 'Crna Gora'),
(230, 'Luka Lastovo', 'Hrvatska'),
(231, 'Luka Ulcinj', 'Crna Gora'),
(232, 'Luka Nantes', 'Francuska'),
(233, 'Luka Instanbul', 'Turska'),
(234, 'Luka Dublin', 'Irska'),
(235, 'Luka Valona', 'Albanija'),
(236, 'Luka Pirej', 'Grčka'),
(237, 'Luka Genova', 'Italija'),
(238, 'Luka Solun', 'Grčka'),
(239, 'Luka Budva', 'Crna Gora'),
(240, 'Luka Krf', 'Grčka'),
(241, 'Luka Mangalia', 'Rumunjska'),
(242, 'Luka Gothenburg', 'Švedska'),
(243, 'Luka Zadar', 'Hrvatska'),
(244, 'Luka Kotor', 'Crna Gora'),
(245, 'Luka Vladivostok', 'Rusija'),
(246, 'Luka Belfast', 'Velika Britanija'),
(247, 'Luka Tuapse', 'Rusija'),
(248, 'Luka Astrakhan', 'Rusija'),
(249, 'Luka Almeria', 'Španjolska'),
(250, 'Luka Venecija', 'Italija'),
(251, 'Luka Salerno', 'Italija'),
(252, 'Luka Shanghai', 'Kina'),
(253, 'Luka Nakhodka', 'Rusija'),
(254, 'Luka Ploče', 'Hrvatska'),
(255, 'Luka Mali Lošinj', 'Hrvatska');

-- --------------------------------------------------------

--
-- Table structure for table `putnik`
--


--
-- Dumping data for table `putnik`
--

INSERT INTO `putnik` (`sifra_putnika`, `ime`, `prezime`, `godine`) VALUES
(1, 'Josip', 'Horvat', 23),
(2, 'Marko ', 'Novak', 27),
(3, 'Dora', 'Vlašić', 10),
(4, 'Josip', 'Bošnjak', 54),
(5, 'Ivona', 'Biško', 23),
(6, 'Lana ', 'Malekin', 34),
(7, 'Sara ', 'Novak', 36),
(8, 'Petra', 'Sesar', 16),
(9, 'Mihaela ', 'Vlašić', 29),
(10, 'Eva', 'Bošnjak', 45),
(11, 'Andrijana', 'Ćorluka', 37),
(12, 'Jure', 'Tomić', 11),
(13, 'Leonarda ', 'Babić', 20),
(14, 'Ivana', 'Pejić', 89),
(15, 'Lara', 'Mikulić', 13),
(16, 'Elizabeta', 'Švranjić', 98),
(17, 'Ivan', 'Boban', 22),
(18, 'Ivano', 'Sosa', 34),
(19, 'Vanja', 'Kovač', 56),
(20, 'Ana', 'Lavitović', 44),
(21, 'Karla', 'Slavić', 12),
(22, 'Dino', 'Šanić', 22),
(23, 'Fran', 'Latić', 76),
(24, 'Veljo', 'Gudelj', 67),
(25, 'Maja', 'Žulj', 48),
(26, 'Josip', 'Kvesić', 23),
(27, 'Karlo', 'Ajić', 19),
(28, 'Lucija', 'Horvat', 15),
(29, 'Jovan', 'Baić', 31),
(30, 'Tomo', 'Vidrić', 57),
(31, 'Eva', 'Librić', 76),
(32, 'Marta', 'Markić', 19),
(33, 'Dora', 'Bošnjak', 74),
(34, 'Rio', 'Marić', 14),
(35, 'Zoran', 'Topić', 21),
(36, 'Iva', 'Bogdanović', 43),
(37, 'Iva', 'Martić', 87),
(38, 'Asma', 'Jurić', 30),
(39, 'Ena', 'Rozić', 41),
(40, 'Petra', 'Slavić', 36),
(41, 'Aleks', 'Ruđer', 32),
(42, 'Ivano', 'Levanović', 64),
(43, 'Franjo', 'Lević\r\n', 12),
(44, 'Šime', 'Šimić', 21),
(45, 'Iva', 'Sesar', 15),
(46, 'Fran', 'Bošković', 99),
(47, 'Hrvoje', 'Lovrić', 56),
(48, 'Jerko', 'Livajić', 96),
(49, 'Joško', 'Perić', 32),
(50, 'Paulo', 'Slišković', 10),
(51, 'Ivo', 'Lastić', 45),
(52, 'Luka', 'Fronda', 18),
(53, 'Krešo', 'Jović', 45),
(54, 'Marko', 'Živanović', 43),
(55, 'Jerko', 'Benović', 33),
(56, 'Jozo\r\n', 'Kokić', 13),
(57, 'Željka', 'Šućur', 43),
(58, 'Petra', 'Grizelj', 16),
(59, 'Ante', 'Vlašić', 29),
(60, 'Marko', 'Galić', 23),
(61, 'David', 'Soldo', 73),
(62, 'Ana', 'Crnjac', 57),
(63, 'Marijeta', 'Pavić', 25),
(64, 'Laura', 'Božinović', 17),
(65, 'Denis', 'Crnjac', 29),
(66, 'Ana', 'Naletilić', 29),
(67, 'Marijan', 'Bebek', 42),
(68, 'Maristela', 'Brekalo', 50),
(69, 'Marija', 'Vukoja', 25),
(70, 'Lidija', 'Grubišić', 42),
(71, 'Ivana', 'Zucić', 33),
(72, 'Anita', 'Šimić', 31),
(73, 'Ana', 'Žulj', 34),
(74, 'Dario', 'Brzica', 39),
(75, 'Marko', 'Boban', 37),
(76, 'Katarina', 'Bušić', 34),
(77, 'Marija', 'Tomić', 65),
(78, 'Ena', 'Bušić', 13),
(79, 'Daniela', 'Cvitić', 44),
(80, 'Marija', 'Mikulić-Topić', 36),
(81, 'Lovre ', 'Bogut', 15),
(82, 'Antonio', 'Prlić', 39),
(83, 'Daniela', 'Bracić', 27),
(84, 'Lea', 'Pešorda', 34),
(85, 'Mario', 'Pejić', 19),
(86, 'Luka', 'Martinović', 72),
(87, 'Marko', 'Sabljić', 16),
(88, 'Tomislav', 'Zovko', 28),
(89, 'Ela', 'Rudež', 24),
(90, 'Petar', 'Galić', 39),
(91, 'Ana ', 'Crnogorac', 88),
(92, 'Nives', 'Jukić', 57),
(93, 'Lana', 'Galić', 12),
(94, 'Iva', 'Marjanović', 38),
(95, 'Josip', 'Sabljić', 14),
(96, 'Barbara', 'Blekić', 41),
(97, 'Josipa\r\n', 'Lisac', 76),
(98, 'Anamarija', 'Kondža', 17),
(99, 'Lara', 'Stepić', 41),
(100, 'Ljubo', 'Soldo', 19),
(101, 'Krešimir', 'Golub', 84),
(102, 'Antonija', 'Perić', 35),
(103, 'Lovro', 'Ivanović', 23),
(104, 'Ivanaka', 'Grizelj', 76),
(105, 'Leona', 'Ćorluka', 53),
(106, 'Ante', 'Perić', 74),
(107, 'Boris', 'Zadro', 65),
(108, 'Lucija', 'Zeko', 86),
(109, 'Dorotea', 'Perković', 22),
(110, 'Luca', 'Crnogorac', 37),
(111, 'Erik', 'Tomašević', 46),
(112, 'Andrija\r\n', 'Zorić', 28),
(113, 'Zoran', 'Blažević', 32),
(114, 'Antonela', 'Kožulj', 31),
(115, 'Doloris', 'Sosa', 18),
(116, 'Antun', 'Prlić', 76),
(117, 'Denis', 'Novak', 70),
(118, 'Luka ', 'Modrić', 38),
(119, 'Joško', 'Perić', 34),
(120, 'Marijana', 'Gvardiol', 54),
(121, 'Eva', 'Perišić', 48),
(122, 'Sanja', 'Livaković', 25),
(123, 'Rosa', 'Zokić', 85),
(124, 'Fran', 'Kvesić', 33),
(125, 'Marin', 'Dedić', 24),
(126, 'Ana', 'Babić', 21),
(127, 'Dario', 'Bašić', 30),
(128, 'Jure', 'Brajković', 24),
(129, 'Ivana', 'Budimir', 32),
(130, 'Karla', 'Brekalo', 26),
(131, 'Sanja', 'Herceg', 23),
(132, 'Krešo', 'Herceg', 20),
(133, 'Luka', 'Čolić', 35),
(134, 'Lovro', 'Ćorluka', 22),
(135, 'Marko', 'Damjanović', 28),
(136, 'Maja', 'Dadić', 35),
(137, 'Petar', 'Čuvalo', 22),
(138, 'Nikolina', 'Drljača', 22),
(139, 'Sven', 'Delić', 36),
(140, 'Matea', 'Horvat', 24),
(141, 'Roko', 'Filipović', 22),
(142, 'Sara', 'Dujmović', 27),
(143, 'Elena', 'Fabijanić', 37),
(144, 'Renata', 'Alpeza', 33),
(145, 'Paula', 'Galić', 25),
(146, 'Željko', 'Horvatić', 28),
(147, 'Hrvoje', 'Jurković', 32),
(148, 'Jana', 'Jurić', 34),
(149, 'Klara', 'Jurković', 22),
(150, 'Ivo', 'Ilić', 38),
(151, 'Franjo', 'Hodak', 21),
(152, 'Mirna', 'Božić', 34),
(153, 'Nika', 'Bebek', 42),
(154, 'Petra ', 'Gotovac', 56),
(155, 'Karolina', 'Kovačević', 19),
(156, 'Vlatka', 'Jelić', 39),
(157, 'Zoran', 'Todorović', 62),
(158, 'Ivan', 'Kostić', 33),
(159, 'Jozo', 'Stojković', 55),
(160, 'Ante', 'Marković', 32),
(161, 'Darko', 'Vasić', 23),
(162, 'Krešimir', 'Ristić', 55),
(163, 'Robert', 'Jovičić', 29),
(164, 'Josipa', 'Popović', 22),
(165, 'Stana', 'Milošević', 21),
(166, 'Iva', 'Lukić', 63),
(167, 'Lana', 'Pavlović', 30),
(168, 'Zvonimir', 'Stojanović', 23),
(169, 'Zvonko', 'Petrović', 25),
(170, 'Mia', 'Mladenović', 71),
(171, 'Elena', 'Mitić', 54),
(172, 'Stanko', 'Babić', 64),
(173, 'Karlo', 'Đurić', 43),
(174, 'Mihael', 'Vuković', 55),
(175, 'Mislav', 'Tomič', 36),
(176, 'Tihana', 'Perić', 45),
(177, 'Lorena', 'Mihaljević', 65),
(178, 'Tin', 'Simić', 21),
(179, 'Antun', 'Biško', 44),
(180, 'Jelena', 'Miljković', 44),
(181, 'Marko', 'Milenković', 44),
(182, 'Mirela', 'Nikolić', 22),
(183, 'Danijel ', 'Jukić', 43),
(184, 'Mirko', 'Marić', 47),
(185, 'Ivica', 'Matić', 55),
(186, 'Ana', 'Novak', 75),
(187, 'Leon', 'Radić', 53),
(188, 'Dora', 'Jakšić', 22),
(189, 'Lea ', 'Jakšić', 47),
(190, 'Ivan', 'Ćorić', 25),
(191, 'Tarik', 'Čolak', 65),
(192, 'Dario', 'Dedić', 34),
(193, 'Josip', 'Grbavac', 73),
(194, 'Nikola', 'Jelčić', 51),
(195, 'Zoran', 'Kovač', 44),
(196, 'Ivan', 'Leko', 28),
(197, 'Saša', 'Kraljević', 62),
(198, 'Marita', 'Krišto', 21),
(199, 'Marija', 'Lasić', 62),
(200, 'Mirko', 'Ljubić', 44),
(201, 'Antonio', 'Matič', 28),
(202, 'Martina', 'Miličević', 66),
(203, 'Monika', 'Milišić', 33),
(204, 'Jure', 'Musa', 35),
(205, 'Irena', 'Mioč', 53),
(206, 'Slavko', 'Kozina', 33),
(207, 'Tihomir', 'Mioč', 32),
(208, 'Ranko', 'Pehar', 22),
(209, 'Milena', 'Tadić', 21),
(210, 'Pavao', 'Zelenika', 52),
(211, 'Branko', 'Leko', 33),
(212, 'Luka', 'Bevanda', 63),
(213, 'Kristijan', 'Čuljak', 65),
(214, 'Melani', 'Medič', 22),
(215, 'Anica', 'Knezović', 63),
(216, 'Ivona', 'Dugandžić', 77),
(217, 'Šimun', 'Kordić', 22),
(218, 'Dino', 'Šunjić', 44),
(219, 'Zrinko', 'Pandža', 22),
(220, 'Marica', 'Kraljević', 19),
(221, 'Mateo', 'Pervan', 18),
(222, 'Darija', 'Marić', 14),
(223, 'Oliver', 'Gotovac', 19),
(224, 'Marta', 'Šaravanja', 44),
(225, 'Marijana', 'Milišić', 35),
(226, 'Maja', 'Kozina', 33),
(227, 'Anton', 'Previšić', 53),
(228, 'Leonardo', 'Buntić', 75),
(229, 'Milica', 'Pavlović', 56),
(230, 'Miroslav', 'Alpeza', 65),
(231, 'Anamarija', 'Martinović', 22),
(232, 'Marijan', 'Matić', 67),
(233, 'Zvonimir', 'Nikšić', 22),
(234, 'Ivan', 'Bradvica', 54),
(235, 'Stjepan', 'Barbarić', 45),
(236, 'Stanislav', 'Kardum', 22),
(237, 'Vinko', 'Raspudić', 43),
(238, 'Miroslav', 'Mikulić', 22),
(239, 'Alen', 'Kozina', 43),
(240, 'Laura', 'Boras', 26),
(241, 'Daria', 'Karlović', 42),
(242, 'Slavica', 'Grubišić', 27),
(243, 'Antonela', 'Prskalo', 63),
(244, 'Antonija', 'Bule', 15),
(245, 'Veronika', 'Divković', 27),
(246, 'Teo', 'Bilić', 35),
(247, 'Marin', 'Ereš', 65),
(248, 'Andrija', 'Tolić', 35),
(249, 'Katarina', 'Vukšić', 22),
(250, 'Dajana', 'Vučić', 55),
(251, 'Gabriela', 'Sabljić', 34),
(252, 'Emilija', 'Lukenda', 43);

-- --------------------------------------------------------

--
-- Table structure for table `vožnja`
--

--
-- Dumping data for table `vožnja`
--

INSERT INTO `vožnja` (`sifra_voznje`, `mjesto_polaska`, `mjesto_dolaska`, `sifra_broda`, `sifra_kapetana`, `sifra_luke`) VALUES
(1, 'Zadar', 'Dubrovnik', 2, 4, 28),
(2, 'Kotor', 'Boka Kotorska', 1, 17, 221),
(3, 'Rovinj', 'Korčula', 163, 17, 4),
(4, 'Alberobello', 'Ostuni', 2, 244, 163),
(5, 'Trogir', 'Monopoli', 98, 111, 212),
(6, 'Šibenik', 'Split', 211, 137, 234),
(7, 'Pula', 'Bari', 7, 57, 136),
(8, 'Matera', 'Otranto', 237, 249, 6),
(9, 'Gallipoli', 'Poligano a Mare', 109, 113, 34),
(10, 'Parga', 'Trani', 189, 8, 80),
(11, 'Monreale', 'Ulcinj', 203, 3, 74),
(12, 'Cefalu', 'Herceg Novi', 126, 113, 128),
(13, 'Taormina', 'Sirakuza', 161, 83, 159),
(14, 'Noto', 'Perast', 92, 78, 66),
(15, 'Kotor', 'Ragusa', 68, 27, 37),
(16, 'Tivat', 'Risan', 191, 103, 127),
(17, 'Cavtat', 'Dubrovnik', 51, 51, 247),
(18, 'Sydney', 'Barcelona', 217, 219, 210),
(19, 'Hong Kong', 'Miami', 70, 221, 246),
(20, 'Rio de Janeiro', 'Cape Town', 157, 6, 107),
(21, 'Istanbul', 'San Francisco', 216, 98, 94),
(22, 'Vancouver', 'Marseille', 107, 172, 102),
(23, 'Auckland', 'Bergen', 23, 111, 166),
(24, 'Boston', 'Brindisi', 184, 129, 236),
(25, 'Buenos Aires', 'Busan', 87, 170, 85),
(26, 'Cartagena', 'Dubrovnik', 120, 170, 135),
(27, 'Charleston', 'Chioggia', 97, 20, 173),
(28, 'Cork', 'Durban', 47, 61, 60),
(29, 'Falmouth', 'Funchal', 67, 138, 194),
(30, 'Genoa', 'Hilo', 57, 78, 159),
(31, 'Honolulu', 'Kiel', 211, 45, 141),
(32, 'Kobe', 'La Rochelle', 143, 5, 203),
(33, 'Lisbon', 'Livorno', 226, 201, 13),
(34, 'Malaga', 'Malta', 238, 131, 215),
(35, 'Manaus', 'Montevideo', 78, 188, 92),
(36, 'Nagoya', 'Zadar', 5, 185, 227),
(37, 'Rijeka', 'Osaka', 216, 66, 210),
(38, 'Naples', 'Newport', 15, 156, 71),
(39, 'Palermo', 'Rijeka', 107, 31, 107),
(40, 'Piraeus', 'Port Elizabeth', 2, 69, 94),
(41, 'Port Said', 'St.John', 152, 186, 102),
(42, 'Stockholm', 'Ushuaia', 150, 187, 166),
(43, 'Venecija', 'Mali Lošinj', 29, 110, 236),
(44, 'Vela Luka', 'Korčula', 62, 245, 85),
(45, 'Šibenik', 'Seattle', 83, 246, 135),
(46, 'Salvador', 'Portsmouth', 204, 118, 173),
(47, 'Hvar', 'Valparaiso', 130, 202, 60),
(48, 'Liverpool', 'Alecandria', 129, 77, 194),
(49, 'Antwerp', 'Baltimore', 168, 82, 159),
(50, 'Tacoma', 'Yokohama', 243, 116, 141),
(51, 'Cochin', 'Dunkirk', 34, 191, 203),
(52, 'Le Havre', 'Manila', 211, 123, 13),
(53, 'Las Palmas', 'St. Petersburg', 92, 56, 215),
(54, 'Harwich', 'Bremerhaven', 239, 212, 92),
(55, 'Koper', 'Laem Chabang', 209, 142, 227),
(56, 'Shangai', 'Santos', 168, 196, 210),
(57, 'New Orleans', 'Quebec City', 109, 145, 71),
(58, 'Oran', 'Halifax', 166, 168, 107),
(59, 'Marseilles', 'Manila', 29, 220, 214),
(60, 'New York ', 'Odessa', 235, 62, 61),
(61, 'Penang', 'Vancouver', 212, 23, 114),
(62, 'Montreal', 'Kotor', 98, 218, 87),
(63, 'Gdansk', 'Dalian', 210, 59, 175),
(64, 'Brest', 'Split', 73, 124, 180),
(65, 'Rijeka', 'Dakar', 22, 234, 214),
(66, 'Tianjin', 'Trieste', 219, 28, 199),
(67, 'Goteborg', 'Guanta', 102, 149, 158),
(68, 'Bar', 'Kavala', 218, 35, 76),
(69, 'Rijeka', 'Valencia', 10, 89, 74),
(70, 'Venecija', 'Rhodes', 33, 223, 213),
(71, 'Piareus', 'Kotor', 31, 47, 92),
(72, 'Ploče', 'Heraklion', 246, 73, 184),
(73, 'Pula', 'Thessaloniki', 6, 208, 31),
(74, 'Split', 'Barcelona', 60, 163, 229),
(75, 'Tivat', 'Vigo', 203, 108, 10),
(76, 'Zakynthos', 'Las Palmas', 44, 16, 122),
(77, 'Mykonos', 'Rovinj', 122, 81, 148),
(78, 'Kotor', 'Alicante', 178, 157, 198),
(79, 'Bar', 'Salerno', 129, 28, 81),
(80, 'Šibenik', 'Bilbao', 78, 125, 53),
(81, 'Gijon', 'Naxos', 230, 80, 70),
(82, 'Ploče', 'Corfu', 216, 138, 145),
(83, 'Cartagena', 'Vela Luka', 187, 84, 178),
(84, 'Genoa', 'Bar', 212, 7, 18),
(85, 'Huelva', 'Pula', 22, 200, 24),
(86, 'Trieste', 'Zadar', 68, 56, 144),
(87, 'La Coruna', 'La Spezia', 32, 222, 117),
(88, 'Singapur', 'Hong Kong', 123, 55, 9),
(89, 'Dubai', 'Shangai', 197, 26, 236),
(90, 'Abu Dhabi', 'Kobe', 142, 20, 219),
(91, 'Bremen', 'Amsterdam', 191, 150, 172),
(92, 'Rotterdam', 'Los Angeles', 55, 8, 222),
(93, 'Miami', 'Yokohama', 97, 205, 25),
(94, 'Seattle', 'Santos', 31, 74, 221),
(95, 'Nagoya', 'Sydney', 175, 218, 202),
(96, 'Melbourne', 'Montreal', 245, 195, 120),
(97, 'Brisbane', 'Rio de Janeiro', 83, 173, 94),
(98, 'Halifax', 'Marseille', 17, 233, 61),
(99, 'Le Harve', 'London', 187, 19, 116),
(100, 'Šibenik', 'Calais', 49, 78, 238),
(101, 'Southampton', 'Liverpool', 1, 208, 224),
(102, 'Aviles', 'Ferrol', 60, 237, 25),
(103, 'Kalamata', 'Patmos', 154, 101, 76),
(104, 'Estepona', 'Pula', 124, 22, 176),
(105, 'Bar', 'Dubai', 54, 99, 84),
(106, 'Le Harve', 'Calais', 112, 212, 70),
(107, 'Liverpool', 'Singapur', 192, 16, 170),
(108, 'Zadar', 'Marseille', 213, 11, 230),
(109, 'Herceg Novi', 'Shangai', 11, 79, 177),
(110, 'Kalamanta', 'Southampton', 217, 111, 69),
(111, 'Šibenik', 'Liverpool', 128, 87, 143),
(112, 'Korčula', 'Bijela', 77, 129, 5),
(113, 'Bijela', 'Hong Kong', 82, 62, 152),
(114, 'Syros', 'Kavala', 165, 98, 81),
(115, 'Pula', 'Skiathos', 109, 207, 200),
(116, 'Dubrovnik', 'London', 7, 22, 229),
(117, 'Korčula', 'Gytheio', 148, 63, 48),
(118, 'Zelenika', 'Patmos', 215, 139, 53),
(119, 'Igoumentisa', 'Mali Lošinj', 170, 83, 222),
(120, 'Le Harve', 'Ploče', 223, 70, 128),
(121, 'Skopelos', 'Pula', 218, 163, 18),
(122, 'Shangai', 'Samos', 159, 105, 45),
(123, 'Rijeka', 'Bar', 57, 154, 105),
(124, 'London', 'Zadar', 25, 174, 243),
(125, 'Marseille', 'Alexandroupolis', 214, 16, 141),
(126, 'Lastovo', 'Bijela', 246, 226, 6),
(127, 'Lastovo', 'Hvar', 66, 181, 200),
(128, 'Zadar', 'Šibenik', 84, 35, 53),
(129, 'Korčula', 'Yokohama', 34, 72, 26),
(130, 'Kobe ', 'Genova', 109, 28, 153),
(131, 'Barcelona', 'Venecija', 53, 161, 49),
(132, 'Hvar', 'Tarragona', 97, 240, 15),
(133, 'Vis', 'Heceg Novi', 11, 113, 121),
(134, 'Nagoya', 'Pula', 56, 188, 135),
(135, 'Palermo', 'Bilbao', 230, 164, 200),
(136, 'Bijela', 'Mali Lošinj', 164, 116, 116),
(137, 'Cartagena', 'Rijeka', 145, 209, 39),
(138, 'Huelva', 'Zelenika', 185, 54, 249),
(139, 'Dubrovnik', 'Las Palmas', 129, 27, 139),
(140, 'Lastovo', 'Genova', 13, 204, 97),
(141, 'Vis', 'Rijeka', 4, 118, 232),
(142, 'Algeciras', 'Kobe', 154, 120, 60),
(143, 'Rijeka', 'Herceg Novi', 43, 100, 87),
(144, 'Mali Lošinj', 'Valencia', 221, 17, 3),
(145, 'Zadar', 'La Spezia', 99, 15, 152),
(146, 'Barcelona', 'Bijela', 81, 244, 156),
(147, 'Zelenika', 'Herceg Novi', 10, 70, 66),
(148, 'Singapur', 'Rotterdam', 1, 45, 5),
(149, 'Šangaj', 'Hamburg', 32, 3, 15),
(150, 'Antwerpen', 'Busan', 50, 59, 13),
(151, 'Dubai', 'Qingdao', 55, 26, 16),
(152, 'Tianjin', 'Kaohsiung', 22, 29, 48),
(153, 'Hong Kong', 'Ningbo', 6, 31, 47),
(154, 'Guangzhou', 'Shezen', 7, 12, 27),
(155, 'Los Angeles', 'Long Beach', 24, 38, 25),
(156, 'Port Klang', 'Tanjung Pelepas', 36, 14, 44),
(157, 'Colombo', 'Gdansk', 19, 21, 41),
(158, 'Valencia', 'Algeciras', 10, 35, 53),
(159, 'Le Harve', 'Felixstowe', 51, 80, 40),
(160, 'Southampton', 'Bremerhaven', 57, 20, 60),
(161, 'Marseille', 'Piraeus', 56, 37, 9),
(162, 'Salalah', 'Jeddah', 23, 54, 30),
(163, 'Chittagong', 'Mumbai', 18, 11, 33),
(164, 'Chennai', 'Durban', 39, 43, 46),
(165, 'Cape Town', 'Buenos Aires', 2, 28, 49),
(166, 'Rio de Janeiro', 'Santos', 8, 17, 52),
(167, 'Sydney', 'Melbourne', 4, 34, 58),
(168, 'Rijeka', 'Bar', 1, 120, 107),
(169, 'Split', 'Kotor', 68, 17, 77),
(170, 'Dubrovnik', 'Herceg Novi', 156, 10, 132),
(171, 'Šibenik', 'Genova', 112, 219, 123),
(172, 'Zadar', 'Venecija', 121, 137, 66),
(173, 'Pirej', 'Napulj', 224, 207, 183),
(174, 'Solun', 'Bari', 149, 222, 11),
(175, 'Patras ', 'Trst', 50, 43, 3),
(176, 'Kavala ', 'Šibenik', 88, 154, 92),
(177, 'Iraklio', 'Rijeka', 8, 64, 23),
(178, 'Dubrovnik', 'Pirej', 187, 239, 91),
(179, 'Split', 'Solun', 60, 202, 110),
(180, 'Bar', 'Šibenik', 95, 59, 80),
(181, 'Zadar', 'Trst', 25, 131, 228),
(182, 'Kotor', 'Venecija', 39, 124, 209),
(183, 'Genova', 'Iraklio', 41, 122, 16),
(184, 'Bari', 'Rijeka', 159, 155, 87),
(185, 'Napulj', 'Patras', 218, 155, 144),
(186, 'Heceg Novi', 'Kavala', 47, 209, 36),
(187, 'Šibenik', 'Dubrovnik', 101, 58, 232),
(188, 'Pirej', 'Kotor', 106, 90, 199),
(189, 'Solun', 'Zadar', 14, 44, 94),
(190, 'Rijeka', 'Bari', 136, 236, 141),
(191, 'Trst', 'Iraklio', 238, 93, 200),
(192, 'Venecija', 'Split', 225, 73, 240),
(193, 'Kavala ', 'Dubrovnik', 184, 192, 7),
(194, 'Genova', 'Herceg Novi', 129, 119, 78),
(195, 'Patras', 'Šibenik', 171, 148, 198),
(196, 'Bar', 'Pirej', 96, 223, 9),
(197, 'Zadar', 'Napulj', 161, 196, 9),
(198, 'Rijeka', 'Bar', 212, 12, 243),
(199, 'Ploče', 'Kotor', 82, 117, 181),
(200, 'Split', 'Aleksandrija', 128, 211, 104),
(201, 'Rijeka', 'Port Said', 62, 179, 169),
(202, 'Ploče', 'Yokohama', 142, 215, 49),
(203, 'Split', 'Kobe', 124, 51, 188),
(204, 'Rijeka', 'Santos', 163, 221, 164),
(205, 'Ploče', 'Rio de Janeiro', 145, 26, 156),
(206, 'Split', 'Algericas', 75, 66, 147),
(207, 'Rijeka', 'Valencia', 47, 222, 86),
(208, 'Ploče', 'Šangaj', 57, 106, 35),
(209, 'Split', 'Shenzhen', 60, 174, 139),
(210, 'Bar', 'Kotor', 25, 233, 136),
(211, 'Kotor', 'Aleksandrija', 148, 204, 215),
(212, 'Bar', 'Port Said', 39, 109, 106),
(213, 'Kotor', 'Yokohama', 43, 102, 13),
(214, 'Bar', 'Kobe', 223, 207, 97),
(215, 'Kotor', 'Santos', 105, 250, 2),
(216, 'Bar', 'Rio de Janeiro', 219, 150, 127),
(217, 'Kotor', 'Algeciras', 177, 168, 120),
(218, 'Bar', 'Valencia', 236, 22, 209),
(219, 'Kotor', 'Šangaj', 14, 80, 212),
(220, 'Bar', 'Shenzhen', 95, 181, 55),
(221, 'Aleksandrija', 'Port Said', 170, 199, 225),
(222, 'Yokohama', 'Kobe', 54, 227, 215),
(223, 'Yokohama', 'Valencia', 168, 121, 89),
(224, 'Aleksandrija', 'Santos', 196, 96, 150),
(225, 'Yokohama', 'Rio de Janeiro', 237, 228, 84),
(226, 'Hvar', 'Valencia', 191, 156, 19),
(227, 'Aleksandrija', 'Šangaj', 202, 136, 144),
(228, 'Yokohama', 'Shenzhen', 178, 180, 115),
(229, 'Port Said', 'Kobe', 88, 28, 202),
(230, 'Santos', 'Rio de Janeiro', 19, 53, 146),
(231, 'Port Said', 'Kobe', 241, 173, 116),
(232, 'Santos', 'Rijeka', 80, 219, 1),
(233, 'Rijeka', 'Valencia', 46, 198, 73),
(234, 'Herceg Novi', 'Santos', 65, 207, 206),
(235, 'Santos', 'Rio de Janeiro', 107, 7, 145),
(236, 'Port Said', 'Algeciras', 49, 233, 74),
(237, 'Pula', 'Valencia', 215, 111, 38),
(238, 'Rijeka', 'Bar', 21, 139, 34),
(239, 'Ploče', 'Kotor', 175, 246, 186),
(240, 'Split', 'Aleksandrija', 220, 79, 211),
(241, 'Rijeka', 'Port Said', 136, 209, 7),
(242, 'Ploče', 'Yokohama', 30, 213, 106),
(243, 'Split', 'Kobe', 191, 82, 74),
(244, 'Rijeka', 'Santos', 36, 117, 58),
(245, 'Ploče', 'Rio de Janeiro', 185, 27, 102),
(246, 'Splir', 'Algeciras', 97, 88, 235),
(247, 'Rijeka', 'Valencia', 64, 90, 72),
(248, 'Ploče', 'Šangaj', 168, 184, 78),
(249, 'Split', 'Shenzhen', 56, 87, 247),
(250, 'Bar', 'Kotor', 77, 183, 231),
(251, 'Kotor', 'Aleksandrija', 148, 38, 49),
(252, 'Bar', 'Pula', 60, 33, 147);

--
-- 
--
